<2026-04-17 06:18:27.386>: [Info]: BackupNameAttachment=" Build(6004151) 16 Apr 26 (22 18 27)"  -- used by backup system

<2026-04-17 06:18:27.386>: [Info]: Log Started at local time Thu Apr 16 22:18:27 2026
<2026-04-17 06:18:27.387>: [Info]: Built on Sat Mar 21 00:07:07 2026

<2026-04-17 06:18:27.387>: [Info]: Running 64 bit Windows version
<2026-04-17 06:18:27.387>: [Info]: Executable: NewWorld.exe [AZ_RETAIL_CONFIG]
<2026-04-17 06:18:27.387>: [Info]: FileVersion: 1.400.6031.6004151
<2026-04-17 06:18:27.387>: [Info]: ProductVersion: 1.400.6031.6004151
<2026-04-17 06:18:27.387>: [Info]: Using Microsoft (tm) C++ Standard Library implementation

<2026-04-17 06:18:27.403>: [Info] (AZCore): [System] Loading system configuration from system_windows_pc.cfg...
<2026-04-17 06:18:27.403>: [Info] (AZCore): [System] GameDir: Assets

<2026-04-17 06:18:29.248>: [Info]: 
<2026-04-17 06:18:29.249>: [Info]: Total number of logical processors: 16
<2026-04-17 06:18:29.249>: [Info]: Number of available logical processors: 16
<2026-04-17 06:18:29.249>: [Info]: Total number of system cores: 8
<2026-04-17 06:18:29.249>: [Info]: Number of cores available to process: 8
<2026-04-17 06:18:29.249>: [Info]:  
<2026-04-17 06:18:29.249>: [Info]: Processor 0:
<2026-04-17 06:18:29.249>: [Info]:   CPU: AMD AMD Ryzen 7 9800X3D 8-Core Processor           
<2026-04-17 06:18:29.249>: [Info]:   Family: 15, Model: 4, Stepping: 0
<2026-04-17 06:18:29.249>: [Info]:   FPU: On-Chip
<2026-04-17 06:18:29.249>: [Info]:   3DNow!: not present
<2026-04-17 06:18:29.249>: [Info]:   MMX: not present
<2026-04-17 06:18:29.249>: [Info]:   SSE: present
<2026-04-17 06:18:29.249>: [Info]:   SSE2: present
<2026-04-17 06:18:29.249>: [Info]:   SSE3: present
<2026-04-17 06:18:29.249>: [Info]:   Serial number not present or disabled
<2026-04-17 06:18:29.249>: [Info]:  
<2026-04-17 06:18:29.249>: [Info]: Processor 1:
<2026-04-17 06:18:29.249>: [Info]:   CPU: AMD AMD Ryzen 7 9800X3D 8-Core Processor           
<2026-04-17 06:18:29.249>: [Info]:   Family: 15, Model: 4, Stepping: 0
<2026-04-17 06:18:29.249>: [Info]:   FPU: On-Chip
<2026-04-17 06:18:29.249>: [Info]:   3DNow!: not present
<2026-04-17 06:18:29.249>: [Info]:   MMX: not present
<2026-04-17 06:18:29.249>: [Info]:   SSE: present
<2026-04-17 06:18:29.249>: [Info]:   SSE2: present
<2026-04-17 06:18:29.249>: [Info]:   SSE3: present
<2026-04-17 06:18:29.249>: [Info]:   Serial number not present or disabled
<2026-04-17 06:18:29.249>: [Info]:  
<2026-04-17 06:18:29.249>: [Info]: Processor 2:
<2026-04-17 06:18:29.249>: [Info]:   CPU: AMD AMD Ryzen 7 9800X3D 8-Core Processor           
<2026-04-17 06:18:29.249>: [Info]:   Family: 15, Model: 4, Stepping: 0
<2026-04-17 06:18:29.249>: [Info]:   FPU: On-Chip
<2026-04-17 06:18:29.249>: [Info]:   3DNow!: not present
<2026-04-17 06:18:29.249>: [Info]:   MMX: not present
<2026-04-17 06:18:29.249>: [Info]:   SSE: present
<2026-04-17 06:18:29.249>: [Info]:   SSE2: present
<2026-04-17 06:18:29.249>: [Info]:   SSE3: present
<2026-04-17 06:18:29.249>: [Info]:   Serial number not present or disabled
<2026-04-17 06:18:29.249>: [Info]:  
<2026-04-17 06:18:29.249>: [Info]: Processor 3:
<2026-04-17 06:18:29.249>: [Info]:   CPU: AMD AMD Ryzen 7 9800X3D 8-Core Processor           
<2026-04-17 06:18:29.249>: [Info]:   Family: 15, Model: 4, Stepping: 0
<2026-04-17 06:18:29.249>: [Info]:   FPU: On-Chip
<2026-04-17 06:18:29.249>: [Info]:   3DNow!: not present
<2026-04-17 06:18:29.249>: [Info]:   MMX: not present
<2026-04-17 06:18:29.249>: [Info]:   SSE: present
<2026-04-17 06:18:29.249>: [Info]:   SSE2: present
<2026-04-17 06:18:29.249>: [Info]:   SSE3: present
<2026-04-17 06:18:29.249>: [Info]:   Serial number not present or disabled
<2026-04-17 06:18:29.249>: [Info]:  
<2026-04-17 06:18:29.249>: [Info]: Processor 4:
<2026-04-17 06:18:29.249>: [Info]:   CPU: AMD AMD Ryzen 7 9800X3D 8-Core Processor           
<2026-04-17 06:18:29.249>: [Info]:   Family: 15, Model: 4, Stepping: 0
<2026-04-17 06:18:29.249>: [Info]:   FPU: On-Chip
<2026-04-17 06:18:29.249>: [Info]:   3DNow!: not present
<2026-04-17 06:18:29.249>: [Info]:   MMX: not present
<2026-04-17 06:18:29.249>: [Info]:   SSE: present
<2026-04-17 06:18:29.249>: [Info]:   SSE2: present
<2026-04-17 06:18:29.249>: [Info]:   SSE3: present
<2026-04-17 06:18:29.249>: [Info]:   Serial number not present or disabled
<2026-04-17 06:18:29.249>: [Info]:  
<2026-04-17 06:18:29.249>: [Info]: Processor 5:
<2026-04-17 06:18:29.249>: [Info]:   CPU: AMD AMD Ryzen 7 9800X3D 8-Core Processor           
<2026-04-17 06:18:29.249>: [Info]:   Family: 15, Model: 4, Stepping: 0
<2026-04-17 06:18:29.249>: [Info]:   FPU: On-Chip
<2026-04-17 06:18:29.249>: [Info]:   3DNow!: not present
<2026-04-17 06:18:29.249>: [Info]:   MMX: not present
<2026-04-17 06:18:29.249>: [Info]:   SSE: present
<2026-04-17 06:18:29.249>: [Info]:   SSE2: present
<2026-04-17 06:18:29.249>: [Info]:   SSE3: present
<2026-04-17 06:18:29.249>: [Info]:   Serial number not present or disabled
<2026-04-17 06:18:29.249>: [Info]:  
<2026-04-17 06:18:29.249>: [Info]: Processor 6:
<2026-04-17 06:18:29.249>: [Info]:   CPU: AMD AMD Ryzen 7 9800X3D 8-Core Processor           
<2026-04-17 06:18:29.249>: [Info]:   Family: 15, Model: 4, Stepping: 0
<2026-04-17 06:18:29.249>: [Info]:   FPU: On-Chip
<2026-04-17 06:18:29.249>: [Info]:   3DNow!: not present
<2026-04-17 06:18:29.249>: [Info]:   MMX: not present
<2026-04-17 06:18:29.249>: [Info]:   SSE: present
<2026-04-17 06:18:29.249>: [Info]:   SSE2: present
<2026-04-17 06:18:29.249>: [Info]:   SSE3: present
<2026-04-17 06:18:29.249>: [Info]:   Serial number not present or disabled
<2026-04-17 06:18:29.249>: [Info]:  
<2026-04-17 06:18:29.249>: [Info]: Processor 7:
<2026-04-17 06:18:29.249>: [Info]:   CPU: AMD AMD Ryzen 7 9800X3D 8-Core Processor           
<2026-04-17 06:18:29.249>: [Info]:   Family: 15, Model: 4, Stepping: 0
<2026-04-17 06:18:29.249>: [Info]:   FPU: On-Chip
<2026-04-17 06:18:29.249>: [Info]:   3DNow!: not present
<2026-04-17 06:18:29.249>: [Info]:   MMX: not present
<2026-04-17 06:18:29.249>: [Info]:   SSE: present
<2026-04-17 06:18:29.249>: [Info]:   SSE2: present
<2026-04-17 06:18:29.249>: [Info]:   SSE3: present
<2026-04-17 06:18:29.249>: [Info]:   Serial number not present or disabled
<2026-04-17 06:18:29.249>: [Info]:  
<2026-04-17 06:18:29.249>: [Info]: Windows 11 64 bit (build 10.0.26200)
<2026-04-17 06:18:29.249>: [Info]: System language: English
<2026-04-17 06:18:29.249>: [Info]: Windows Directory: "C:\WINDOWS"
<2026-04-17 06:18:29.250>: [Info]: Local time is 22:18:29 04/16/26, system running for 28 minutes
<2026-04-17 06:18:29.250>: [Info]: 63118MB physical memory installed, 42426MB available, 134217727MB virtual memory installed, 32 percent of memory in use
<2026-04-17 06:18:29.250>: [Info]: PageFile usage: 536MB, Working Set: 555MB, Peak PageFile usage: 682MB,
<2026-04-17 06:18:29.251>: [Info]: Current display mode is f0087032, (Unknown graphics card)
<2026-04-17 06:18:29.251>: [Info]: IBM enhanced (101/102-key) keyboard and 6+ button mouse installed
<2026-04-17 06:18:29.254>: [Info]: --------------------------------------------------------------------------------
<2026-04-17 06:18:29.270>: [Info] (AZCore): [System] Stream Engine Initialization
<2026-04-17 06:18:29.276>: [Info]: GameName: New World
<2026-04-17 06:18:29.276>: [Info]: BuildTime: Sat Mar 21 00:07:07 2026

<2026-04-17 06:18:29.276>: [Info] (AZCore): [System] Physics initialization
<2026-04-17 06:18:29.327>: [Info] (AZCore): [System] Renderer initialization
<2026-04-17 06:18:29.377>: [Info]: Logging video adapters:
<2026-04-17 06:18:30.128>: [Info]: - NVIDIA GeForce RTX 4090 (vendor = 0x10de, device = 0x2684)
<2026-04-17 06:18:30.128>: [Info]:   - Adapter index: 0
<2026-04-17 06:18:30.128>: [Info]:   - Dedicated video memory: 24138 MB
<2026-04-17 06:18:30.128>: [Info]:   - Feature level: DX12.2 (SM 6.5)
<2026-04-17 06:18:30.128>: [Info]:   - Displays connected: yes
<2026-04-17 06:18:30.128>: [Info]:   - Suitable rendering device: yes
<2026-04-17 06:18:30.514>: [Info]: - AMD Radeon(TM) Graphics (vendor = 0x1002, device = 0x13c0)
<2026-04-17 06:18:30.514>: [Info]:   - Adapter index: 1
<2026-04-17 06:18:30.514>: [Info]:   - Dedicated video memory: 2003 MB
<2026-04-17 06:18:30.514>: [Info]:   - Feature level: DX12.2 (SM 6.5)
<2026-04-17 06:18:30.514>: [Info]:   - Displays connected: no
<2026-04-17 06:18:30.514>: [Info]:   - Suitable rendering device: no
<2026-04-17 06:18:30.847>: [Info]: - NVIDIA GeForce RTX 4090 (vendor = 0x10de, device = 0x2684)
<2026-04-17 06:18:30.847>: [Info]:   - Adapter index: 2
<2026-04-17 06:18:30.847>: [Info]:   - Dedicated video memory: 24138 MB
<2026-04-17 06:18:30.847>: [Info]:   - Feature level: DX12.2 (SM 6.5)
<2026-04-17 06:18:30.847>: [Info]:   - Displays connected: no
<2026-04-17 06:18:30.847>: [Info]:   - Suitable rendering device: no
<2026-04-17 06:18:30.919>: [Info]: - Microsoft Basic Render Driver (vendor = 0x1414, device = 0x008c)
<2026-04-17 06:18:30.919>: [Info]:   - Adapter index: 3
<2026-04-17 06:18:30.919>: [Info]:   - Dedicated video memory: 0 MB
<2026-04-17 06:18:30.919>: [Info]:   - Feature level: DX12.1 (SM 6.0)
<2026-04-17 06:18:30.919>: [Info]:   - Displays connected: no
<2026-04-17 06:18:30.919>: [Info]:   - Suitable rendering device: no
<2026-04-17 06:18:30.921>: [Info]: Logging video adapters:
<2026-04-17 06:18:31.240>: [Info]: - NVIDIA GeForce RTX 4090 (vendor = 0x10de, device = 0x2684)
<2026-04-17 06:18:31.240>: [Info]:   - Adapter index: 0
<2026-04-17 06:18:31.240>: [Info]:   - Dedicated video memory: 24138 MB
<2026-04-17 06:18:31.240>: [Info]:   - Feature level: DX12.2 (SM 6.5)
<2026-04-17 06:18:31.240>: [Info]:   - Displays connected: yes
<2026-04-17 06:18:31.240>: [Info]:   - Suitable rendering device: yes
<2026-04-17 06:18:31.532>: [Info]: - AMD Radeon(TM) Graphics (vendor = 0x1002, device = 0x13c0)
<2026-04-17 06:18:31.532>: [Info]:   - Adapter index: 1
<2026-04-17 06:18:31.532>: [Info]:   - Dedicated video memory: 2003 MB
<2026-04-17 06:18:31.532>: [Info]:   - Feature level: DX12.2 (SM 6.5)
<2026-04-17 06:18:31.532>: [Info]:   - Displays connected: no
<2026-04-17 06:18:31.532>: [Info]:   - Suitable rendering device: no
<2026-04-17 06:18:31.848>: [Info]: - NVIDIA GeForce RTX 4090 (vendor = 0x10de, device = 0x2684)
<2026-04-17 06:18:31.848>: [Info]:   - Adapter index: 2
<2026-04-17 06:18:31.848>: [Info]:   - Dedicated video memory: 24138 MB
<2026-04-17 06:18:31.848>: [Info]:   - Feature level: DX12.2 (SM 6.5)
<2026-04-17 06:18:31.848>: [Info]:   - Displays connected: no
<2026-04-17 06:18:31.848>: [Info]:   - Suitable rendering device: no
<2026-04-17 06:18:31.898>: [Info]: - Microsoft Basic Render Driver (vendor = 0x1414, device = 0x008c)
<2026-04-17 06:18:31.898>: [Info]:   - Adapter index: 3
<2026-04-17 06:18:31.898>: [Info]:   - Dedicated video memory: 0 MB
<2026-04-17 06:18:31.898>: [Info]:   - Feature level: DX12.1 (SM 6.0)
<2026-04-17 06:18:31.898>: [Info]:   - Displays connected: no
<2026-04-17 06:18:31.898>: [Info]:   - Suitable rendering device: no
<2026-04-17 06:18:31.898>: [Info] (AZCore): [System] Initializing Render Module RenderD3D12
<2026-04-17 06:18:36.082>: [Info]: PSOCacheFile : Initializing PSO cache
<2026-04-17 06:18:36.082>: [Info]: PSOCacheFile : Device fingerprint is 0xe8145bf068666e58
<2026-04-17 06:18:36.084>: [Info]: [Shaders] Loading shaders from shadersbin_d3d12.pak
<2026-04-17 06:18:36.084>: [Info]: PSOCacheFile : Shader fingerprint is 0x6cee626f27da883b
<2026-04-17 06:18:36.085>: [Warning]: PSOCacheFile : Unable to open PSO cache file: creating an empty file
<2026-04-17 06:18:36.307>: [Info]: [Shaders] Loading shaders from shadersbin_D3D12.pak
<2026-04-17 06:18:36.466>: [Info] (AZCore): [Audio] AudioSystem initialized in High Ram mode. Available RAM [63117]MB, LowRam cutoff is [9216]MB
<2026-04-17 06:18:36.554>: [Info] (AZCore): [Audio] Audio - Variation Bank System Enabled. Variation Max: 3
<2026-04-17 06:18:37.279>: [Info] (AZCore): [System] Font initialization
<2026-04-17 06:18:37.279>: [Info]: Using FreeType 2.5.0
<2026-04-17 06:18:37.523>: [Info] (AZCore): [System] Time initialization
<2026-04-17 06:18:37.523>: [Info] (AZCore): [System] Input initialization
<2026-04-17 06:18:37.523>: [Info] (AZCore): [System] UI system initialization
<2026-04-17 06:18:37.566>: [Info] (AZCore): [System] Initializing Animation System
<2026-04-17 06:18:37.566>: [Info] (AZCore): [System] Initializing 3D Engine
<2026-04-17 06:18:37.570>: [Info]: 
<2026-04-17 06:18:37.571>: [Info]: Total number of logical processors: 16
<2026-04-17 06:18:37.571>: [Info]: Number of available logical processors: 16
<2026-04-17 06:18:37.571>: [Info]: Total number of system cores: 8
<2026-04-17 06:18:37.571>: [Info]: Number of cores available to process: 8
<2026-04-17 06:18:37.571>: [Info]:  
<2026-04-17 06:18:37.571>: [Info]: Processor 0:
<2026-04-17 06:18:37.571>: [Info]:   CPU: AMD AMD Ryzen 7 9800X3D 8-Core Processor           
<2026-04-17 06:18:37.571>: [Info]:   Family: 15, Model: 4, Stepping: 0
<2026-04-17 06:18:37.571>: [Info]:   FPU: On-Chip
<2026-04-17 06:18:37.571>: [Info]:   3DNow!: not present
<2026-04-17 06:18:37.571>: [Info]:   MMX: not present
<2026-04-17 06:18:37.571>: [Info]:   SSE: present
<2026-04-17 06:18:37.571>: [Info]:   SSE2: present
<2026-04-17 06:18:37.571>: [Info]:   SSE3: present
<2026-04-17 06:18:37.571>: [Info]:   Serial number not present or disabled
<2026-04-17 06:18:37.571>: [Info]:  
<2026-04-17 06:18:37.571>: [Info]: Processor 1:
<2026-04-17 06:18:37.571>: [Info]:   CPU: AMD AMD Ryzen 7 9800X3D 8-Core Processor           
<2026-04-17 06:18:37.571>: [Info]:   Family: 15, Model: 4, Stepping: 0
<2026-04-17 06:18:37.571>: [Info]:   FPU: On-Chip
<2026-04-17 06:18:37.571>: [Info]:   3DNow!: not present
<2026-04-17 06:18:37.571>: [Info]:   MMX: not present
<2026-04-17 06:18:37.571>: [Info]:   SSE: present
<2026-04-17 06:18:37.571>: [Info]:   SSE2: present
<2026-04-17 06:18:37.571>: [Info]:   SSE3: present
<2026-04-17 06:18:37.571>: [Info]:   Serial number not present or disabled
<2026-04-17 06:18:37.571>: [Info]:  
<2026-04-17 06:18:37.571>: [Info]: Processor 2:
<2026-04-17 06:18:37.571>: [Info]:   CPU: AMD AMD Ryzen 7 9800X3D 8-Core Processor           
<2026-04-17 06:18:37.571>: [Info]:   Family: 15, Model: 4, Stepping: 0
<2026-04-17 06:18:37.571>: [Info]:   FPU: On-Chip
<2026-04-17 06:18:37.571>: [Info]:   3DNow!: not present
<2026-04-17 06:18:37.571>: [Info]:   MMX: not present
<2026-04-17 06:18:37.571>: [Info]:   SSE: present
<2026-04-17 06:18:37.571>: [Info]:   SSE2: present
<2026-04-17 06:18:37.571>: [Info]:   SSE3: present
<2026-04-17 06:18:37.571>: [Info]:   Serial number not present or disabled
<2026-04-17 06:18:37.571>: [Info]:  
<2026-04-17 06:18:37.571>: [Info]: Processor 3:
<2026-04-17 06:18:37.571>: [Info]:   CPU: AMD AMD Ryzen 7 9800X3D 8-Core Processor           
<2026-04-17 06:18:37.571>: [Info]:   Family: 15, Model: 4, Stepping: 0
<2026-04-17 06:18:37.571>: [Info]:   FPU: On-Chip
<2026-04-17 06:18:37.571>: [Info]:   3DNow!: not present
<2026-04-17 06:18:37.571>: [Info]:   MMX: not present
<2026-04-17 06:18:37.571>: [Info]:   SSE: present
<2026-04-17 06:18:37.571>: [Info]:   SSE2: present
<2026-04-17 06:18:37.571>: [Info]:   SSE3: present
<2026-04-17 06:18:37.571>: [Info]:   Serial number not present or disabled
<2026-04-17 06:18:37.571>: [Info]:  
<2026-04-17 06:18:37.571>: [Info]: Processor 4:
<2026-04-17 06:18:37.571>: [Info]:   CPU: AMD AMD Ryzen 7 9800X3D 8-Core Processor           
<2026-04-17 06:18:37.571>: [Info]:   Family: 15, Model: 4, Stepping: 0
<2026-04-17 06:18:37.571>: [Info]:   FPU: On-Chip
<2026-04-17 06:18:37.571>: [Info]:   3DNow!: not present
<2026-04-17 06:18:37.571>: [Info]:   MMX: not present
<2026-04-17 06:18:37.571>: [Info]:   SSE: present
<2026-04-17 06:18:37.571>: [Info]:   SSE2: present
<2026-04-17 06:18:37.571>: [Info]:   SSE3: present
<2026-04-17 06:18:37.571>: [Info]:   Serial number not present or disabled
<2026-04-17 06:18:37.571>: [Info]:  
<2026-04-17 06:18:37.571>: [Info]: Processor 5:
<2026-04-17 06:18:37.571>: [Info]:   CPU: AMD AMD Ryzen 7 9800X3D 8-Core Processor           
<2026-04-17 06:18:37.571>: [Info]:   Family: 15, Model: 4, Stepping: 0
<2026-04-17 06:18:37.571>: [Info]:   FPU: On-Chip
<2026-04-17 06:18:37.571>: [Info]:   3DNow!: not present
<2026-04-17 06:18:37.571>: [Info]:   MMX: not present
<2026-04-17 06:18:37.571>: [Info]:   SSE: present
<2026-04-17 06:18:37.571>: [Info]:   SSE2: present
<2026-04-17 06:18:37.571>: [Info]:   SSE3: present
<2026-04-17 06:18:37.571>: [Info]:   Serial number not present or disabled
<2026-04-17 06:18:37.571>: [Info]:  
<2026-04-17 06:18:37.571>: [Info]: Processor 6:
<2026-04-17 06:18:37.571>: [Info]:   CPU: AMD AMD Ryzen 7 9800X3D 8-Core Processor           
<2026-04-17 06:18:37.571>: [Info]:   Family: 15, Model: 4, Stepping: 0
<2026-04-17 06:18:37.571>: [Info]:   FPU: On-Chip
<2026-04-17 06:18:37.571>: [Info]:   3DNow!: not present
<2026-04-17 06:18:37.571>: [Info]:   MMX: not present
<2026-04-17 06:18:37.571>: [Info]:   SSE: present
<2026-04-17 06:18:37.571>: [Info]:   SSE2: present
<2026-04-17 06:18:37.571>: [Info]:   SSE3: present
<2026-04-17 06:18:37.571>: [Info]:   Serial number not present or disabled
<2026-04-17 06:18:37.571>: [Info]:  
<2026-04-17 06:18:37.571>: [Info]: Processor 7:
<2026-04-17 06:18:37.571>: [Info]:   CPU: AMD AMD Ryzen 7 9800X3D 8-Core Processor           
<2026-04-17 06:18:37.571>: [Info]:   Family: 15, Model: 4, Stepping: 0
<2026-04-17 06:18:37.571>: [Info]:   FPU: On-Chip
<2026-04-17 06:18:37.571>: [Info]:   3DNow!: not present
<2026-04-17 06:18:37.571>: [Info]:   MMX: not present
<2026-04-17 06:18:37.571>: [Info]:   SSE: present
<2026-04-17 06:18:37.571>: [Info]:   SSE2: present
<2026-04-17 06:18:37.571>: [Info]:   SSE3: present
<2026-04-17 06:18:37.571>: [Info]:   Serial number not present or disabled
<2026-04-17 06:18:37.571>: [Info]:  
<2026-04-17 06:18:37.572>: [Info]: Sky light: Optical lookup tables loaded off disc.
<2026-04-17 06:18:37.572>: [Info] (AZCore): [System] Script System Initialization
<2026-04-17 06:18:37.572>: [Info] (AZCore): [System] Entity system initialization
<2026-04-17 06:18:37.575>: [Info] (AZCore): [System] Initializing additional systems
<2026-04-17 06:18:37.575>: [Info] (AZCore): [System] Dynamic Response System initialization
<2026-04-17 06:18:37.575>: [Info] (AZCore): [System] No Dynamic Response System was loaded from a module, the system will use the NULL DynamicResponseSystem.
<2026-04-17 06:18:38.058>: [Info] (AZCore): [System] == Version Info ===============================================================

<2026-04-17 06:18:38.058>: [Info] (AZCore): [System] [RETAIL].Javelin.1.400.6031.6004151

<2026-04-17 06:18:38.058>: [Info] (AZCore): [System] ===============================================================================

<2026-04-17 06:18:38.071>: [Info]: Client config override file not found: @assets@/ClientOverride.json
<2026-04-17 06:18:38.073>: [Info] (AZCore): [Game] Steam Initialized!
<2026-04-17 06:18:38.549>: [Info]: Channel service uri: https://d2c74t4zimux3r.cloudfront.net/STEAM_APP_ID.1063730.json
<2026-04-17 06:18:38.550>: [Info] (AZCore): [Game] Using remote config: true
<2026-04-17 06:18:38.550>: [Info] (AZCore): [StackConfig] Configuring remote config with bucket ags-javelin-remote-config
<2026-04-17 06:18:38.716>: [Info]: [WARNING] EnumStringConversion: The enum value is already registered - duplicate ignored. {"duplicateEnumValue":31,"duplicateEnumString":"throwableobject","enumTypeName":"enum Javelin::SBItemClass::ItemClasses","enumTypeId":"A3755086-8B0A-4D14-B073-FC3E1433C3F6","enumValue":31,"stringConstant":"throwable_object"}
<2026-04-17 06:18:39.030>: [Info]: Channel name: Retail
<2026-04-17 06:18:39.030>: [Info]: Found cluster data for cluster id: fra-prod
<2026-04-17 06:18:39.030>: [Info]: Localized Name: @mm_eu_central
<2026-04-17 06:18:39.030>: [Info]: Auth Stack: https://2mfrik7h83.execute-api.us-east-1.amazonaws.com/Prod
<2026-04-17 06:18:39.030>: [Info]: Auth Stack Region: us-east-1
<2026-04-17 06:18:39.030>: [Info]: Gateway Host: u433g9r00c.execute-api.eu-central-1.amazonaws.com
<2026-04-17 06:18:39.030>: [Info]: Gateway Stack: d1w0bfy6smo4d1.cloudfront.net
<2026-04-17 06:18:39.030>: [Info]: Gateway Stack Region: eu-central-1
<2026-04-17 06:18:39.030>: [Info]: Http Gateway Stack: https://d1w0bfy6smo4d1.cloudfront.net/prod
<2026-04-17 06:18:39.030>: [Info]: Http Gateway Stack Region: eu-central-1
<2026-04-17 06:18:39.030>: [Info]: Found cluster data for cluster id: gru-prod
<2026-04-17 06:18:39.030>: [Info]: Localized Name: @mm_sa_east
<2026-04-17 06:18:39.030>: [Info]: Auth Stack: https://kqqt5twsi7.execute-api.us-east-1.amazonaws.com/Prod
<2026-04-17 06:18:39.030>: [Info]: Auth Stack Region: us-east-1
<2026-04-17 06:18:39.030>: [Info]: Gateway Host: j4n6whncmi.execute-api.sa-east-1.amazonaws.com
<2026-04-17 06:18:39.030>: [Info]: Gateway Stack: d1cjlmzk0xrm0z.cloudfront.net
<2026-04-17 06:18:39.030>: [Info]: Gateway Stack Region: sa-east-1
<2026-04-17 06:18:39.030>: [Info]: Http Gateway Stack: https://d1cjlmzk0xrm0z.cloudfront.net/prod
<2026-04-17 06:18:39.030>: [Info]: Http Gateway Stack Region: sa-east-1
<2026-04-17 06:18:39.030>: [Info]: Found cluster data for cluster id: iad-prod
<2026-04-17 06:18:39.030>: [Info]: Localized Name: @mm_us_east
<2026-04-17 06:18:39.030>: [Info]: Auth Stack: https://eudbjx6mig.execute-api.us-east-1.amazonaws.com/Prod
<2026-04-17 06:18:39.030>: [Info]: Auth Stack Region: us-east-1
<2026-04-17 06:18:39.030>: [Info]: Gateway Host: 0prplal5u1.execute-api.us-east-1.amazonaws.com
<2026-04-17 06:18:39.030>: [Info]: Gateway Stack: d2oeuvxi3kfsrw.cloudfront.net
<2026-04-17 06:18:39.030>: [Info]: Gateway Stack Region: us-east-1
<2026-04-17 06:18:39.030>: [Info]: Http Gateway Stack: https://d2oeuvxi3kfsrw.cloudfront.net/prod
<2026-04-17 06:18:39.030>: [Info]: Http Gateway Stack Region: us-east-1
<2026-04-17 06:18:39.030>: [Info]: Found cluster data for cluster id: pdx-prod
<2026-04-17 06:18:39.030>: [Info]: Localized Name: @mm_us_west
<2026-04-17 06:18:39.030>: [Info]: Auth Stack: https://q8hqllbg6k.execute-api.us-east-1.amazonaws.com/Prod
<2026-04-17 06:18:39.030>: [Info]: Auth Stack Region: us-east-1
<2026-04-17 06:18:39.030>: [Info]: Gateway Host: v7irlu1nrl.execute-api.us-west-2.amazonaws.com
<2026-04-17 06:18:39.030>: [Info]: Gateway Stack: d3bj4csovi1fe8.cloudfront.net
<2026-04-17 06:18:39.030>: [Info]: Gateway Stack Region: us-west-2
<2026-04-17 06:18:39.030>: [Info]: Http Gateway Stack: https://d3bj4csovi1fe8.cloudfront.net/prod
<2026-04-17 06:18:39.030>: [Info]: Http Gateway Stack Region: us-west-2
<2026-04-17 06:18:39.030>: [Info]: Found platform metadata for key: ENTITLEMENTS.STEAM_APP_ID.1063730
<2026-04-17 06:18:39.030>: [Info]: Found platform metadata for key: OMNI.STEAM_APP_ID.1063730
<2026-04-17 06:18:39.030>: [Info]: Found cluster data for cluster id: syd-prod
<2026-04-17 06:18:39.030>: [Info]: Localized Name: @mm_ap_southeast
<2026-04-17 06:18:39.030>: [Info]: Auth Stack: https://hhf8nn71vb.execute-api.us-east-1.amazonaws.com/Prod
<2026-04-17 06:18:39.030>: [Info]: Auth Stack Region: us-east-1
<2026-04-17 06:18:39.030>: [Info]: Gateway Host: ep1m9qoir8.execute-api.ap-southeast-2.amazonaws.com
<2026-04-17 06:18:39.030>: [Info]: Gateway Stack: de4mfzk9wkelz.cloudfront.net
<2026-04-17 06:18:39.030>: [Info]: Gateway Stack Region: ap-southeast-2
<2026-04-17 06:18:39.030>: [Info]: Http Gateway Stack: https://de4mfzk9wkelz.cloudfront.net/prod
<2026-04-17 06:18:39.030>: [Info]: Http Gateway Stack Region: ap-southeast-2
<2026-04-17 06:18:39.030>: [Info]: Channel Service data provider: init success
<2026-04-17 06:18:41.956>: [Info]: Failure in initializing Fuel::Iap::IapClient: 14
<2026-04-17 06:18:42.645>: [Info]: Initializing default materials...
<2026-04-17 06:18:42.646>: [Info]: Initializing default footstep material...
<2026-04-17 06:18:43.202>: [Info] (AZCore): [streamingGDEManager] Initialize()
<2026-04-17 06:18:43.202>: [Info] (AZCore): [AsyncMapUnload] No previous level to unload, so not starting async.  Just loading this map now: ("NW_Frontend_NightHaven")
<2026-04-17 06:18:43.202>: [Info]: ============================ Loading level NW_Frontend_NightHaven ============================
<2026-04-17 06:18:43.306>: [Info] (AZCore): [RenderThread] MakeMainContextActive
<2026-04-17 06:18:43.484>: [Info]: [WARNING] TimestampWin32: QueryPerformanceCounter Value: 17424502231 {}
<2026-04-17 06:18:45.138>: [Info]: InitializeSerializedOptions: Failed to find Options file ''. Initializing to Defaults
<2026-04-17 06:18:46.162>: [Info]: CGame::InitCoatlicueTerrain
<2026-04-17 06:18:46.231>: [Info]: [WARNING] TimestampWin32: QueryPerformanceCounter Value: 17451971330 {}
<2026-04-17 06:18:46.360>: [Info]: [WARNING] TimestampWin32: QueryPerformanceCounter Value: 17453268279 {"sliceName":"slices/sky/skydome_tropicalstorm_post_a.dynamicslice","sliceAssetId":"B6CF9257-EB39-54E2-B94C-530B36447AD1:2","sliceAssetHint":"slices/sky/skydome_tropicalstorm_post_a.dynamicslice"}
<2026-04-17 06:18:46.510>: [Info]: [WARNING] TimestampWin32: QueryPerformanceCounter Value: 17454768137 {}
<2026-04-17 06:18:46.514>: [Info]: [ERROR] 0xCCC7000
<2026-04-17 06:18:46.527>: [Info]: [WARNING] TimestampWin32: QueryPerformanceCounter Value: 17454935822 {}
<2026-04-17 06:18:48.006>: [Info] (AZCore): [Game] LogEnvironmentString: ClusterId: pdx-prod
<2026-04-17 06:18:48.010>: [Info] (AZCore): [Game] LogEnvironmentString: ProductId: STEAM_APP_ID.1063730
<2026-04-17 06:18:48.010>: [Info] (AZCore): [AuthManager] Initializing Steam Auth Manager.
<2026-04-17 06:18:48.010>: [Info] (AZCore): [SteamAuth] Omni metadata is present for this channel, using OMNI Authentication.
<2026-04-17 06:18:48.010>: [Info] (AZCore): [OmniAuthBackend] Initializing OmniSDK 1.6
<2026-04-17 06:18:48.029>: [Info] (AZCore): [Game] 0x441F4C03(user) attempting sign-in.
<2026-04-17 06:18:48.029>: [Info] (AZCore): [Game] LogEnvironmentString: Auth Mode: user
<2026-04-17 06:18:48.029>: [Info] (AZCore): [SteamAuth] Attempting to log in to Steam
<2026-04-17 06:18:48.029>: [Info] (AZCore): [SteamAuth] Getting steam auth session ticket.
<2026-04-17 06:18:49.329>: [Info] (AZCore): [SteamAuth] OnAuthSessionTicket: Authenticating using steam auth session ticket handle: 2
<2026-04-17 06:18:49.329>: [Info] (AZCore): [SteamAuth] Current ticket handle: 2, ticket: steam|1400000053a81742055b1d349c288306010010013fcae16918000000010000000500000071a27dbda40f7f5e87a2190001000000d600000056000000040000009c28830601001001323b1000bc05ed184a00a8c000000000f0e7d5697097f1690100de5d06000600b05112000000b15112000000b25112000000707d12000000b8f4250000003e3c30000000000080eb5dc4e1c88e53e1728836740cd419997a5169af90202348789fd7b979df121e4feb9d1d2673cf30fff6a27cb9364df47a78a2edbd0f6b064d616ffb057579a63bb0921f646d14d20b5c6d27ecf1f619913ce9ece4475
<2026-04-17 06:18:50.019>: [Info] (AZCore): [OmniAuthBackend] Get persona id result: OK
<2026-04-17 06:18:50.019>: [Info] (AZCore): [OmniAuthBackend] Get ags account type result: Full
<2026-04-17 06:18:50.019>: [Info] (AZCore): [OmniAuthBackend] Omni CreateSession complete with result: 0, id: amzn1.developerPersonaId.4ee4810f-da59-c553-4027-91e961054dce
<2026-04-17 06:18:50.025>: [Info] (AZCore): [SteamAuth] Calling Http API: https://d3bj4csovi1fe8.cloudfront.net/prod/credentials/omni
<2026-04-17 06:18:50.978>: [Info] (AZCore): [AuthStackCredentialsProvider] Successfully refreshed gateway AWS credentials, next attempt will start after 2026-04-17T07:13:50Z
<2026-04-17 06:18:50.978>: [Info] (AZCore): [AuthStackCredentialsProvider] Successfully refreshed persona AWS credentials, next attempt will start after 2026-04-17T07:13:50Z
<2026-04-17 06:18:50.991>: [Info] (AZCore): [Game] CGame::OnCampfireLoginComplete, login successful. ownership=permanent
<2026-04-17 06:18:51.008>: [Info] (AZCore): [StackConfig] LayerS3(): layer's "remoteCfg.public.ProductId" S3 key (old: ""), reset to new value: "applications/public/configuration-sets/ProductId/STEAM_APP_ID.1063730/versionless"
<2026-04-17 06:18:51.008>: [Info] (AZCore): [StackConfig] Querying "remoteCfg.public.ProductId" remote config. S3 key: "applications/public/configuration-sets/ProductId/STEAM_APP_ID.1063730/versionless"
<2026-04-17 06:18:51.586>: [Info] (AZCore): [StackConfig] Retrieved layer's "remoteCfg.public.ProductId" remote config, with S3 key: "applications/public/configuration-sets/ProductId/STEAM_APP_ID.1063730/versionless" successfully, size: 190

<2026-04-17 06:18:51.606>: [Info] (AZCore): [StackConfig] LayerS3(): layer's "remoteCfg.public.ProductIdv" S3 key (old: ""), reset to new value: "applications/public/configuration-sets/ProductId/STEAM_APP_ID.1063730/6031;6004151"
<2026-04-17 06:18:51.619>: [Info] (AZCore): [StackConfig] Querying "remoteCfg.public.ProductIdv" remote config. S3 key: "applications/public/configuration-sets/ProductId/STEAM_APP_ID.1063730/6031;6004151"
<2026-04-17 06:18:51.765>: [Info] (AZCore): [StackConfig] LayerS3(): layer's "remoteCfg.public.RegionId" S3 key (old: ""), reset to new value: "applications/public/configuration-sets/RegionId/pdx-prod/versionless"
<2026-04-17 06:18:51.773>: [Info] (AZCore): [StackConfig] Querying "remoteCfg.public.RegionId" remote config. S3 key: "applications/public/configuration-sets/RegionId/pdx-prod/versionless"
<2026-04-17 06:18:51.909>: [Info] (AZCore): [StackConfig] Retrieved layer's "remoteCfg.public.RegionId" remote config, with S3 key: "applications/public/configuration-sets/RegionId/pdx-prod/versionless" successfully, size: 494

<2026-04-17 06:18:51.933>: [Info] (AZCore): [StackConfig] LayerS3(): layer's "remoteCfg.public.RegionIdv" S3 key (old: ""), reset to new value: "applications/public/configuration-sets/RegionId/pdx-prod/6031;6004151"
<2026-04-17 06:18:51.945>: [Info] (AZCore): [StackConfig] Querying "remoteCfg.public.RegionIdv" remote config. S3 key: "applications/public/configuration-sets/RegionId/pdx-prod/6031;6004151"
<2026-04-17 06:18:52.082>: [Info] (AZCore): [StackConfig] LayerS3(): layer's "remoteCfg.public.CognitoId" S3 key (old: ""), reset to new value: "applications/public/configuration-sets/CognitoId/us-east-1:3be8c78b-1be2-43b6-bfab-515cc6cfcc3f/versionless"
<2026-04-17 06:18:52.085>: [Info] (AZCore): [StackConfig] Querying "remoteCfg.public.CognitoId" remote config. S3 key: "applications/public/configuration-sets/CognitoId/us-east-1:3be8c78b-1be2-43b6-bfab-515cc6cfcc3f/versionless"
<2026-04-17 06:18:52.219>: [Info] (AZCore): [StackConfig] Retrieved layer's "remoteCfg.public.CognitoId" remote config, with S3 key: "applications/public/configuration-sets/CognitoId/us-east-1:3be8c78b-1be2-43b6-bfab-515cc6cfcc3f/versionless" successfully, size: 351

<2026-04-17 06:18:52.233>: [Info] (AZCore): [StackConfig] LayerS3(): layer's "remoteCfg.public.CognitoIdv" S3 key (old: ""), reset to new value: "applications/public/configuration-sets/CognitoId/us-east-1:3be8c78b-1be2-43b6-bfab-515cc6cfcc3f/6031;6004151"
<2026-04-17 06:18:52.240>: [Info] (AZCore): [StackConfig] Querying "remoteCfg.public.CognitoIdv" remote config. S3 key: "applications/public/configuration-sets/CognitoId/us-east-1:3be8c78b-1be2-43b6-bfab-515cc6cfcc3f/6031;6004151"
<2026-04-17 06:18:52.389>: [Info] (AZCore): [StackConfig] LayerS3(): layer's "remoteCfg.publicGameplay.ProductId" S3 key (old: ""), reset to new value: "applications/publicGameplay/configuration-sets/ProductId/STEAM_APP_ID.1063730/versionless"
<2026-04-17 06:18:52.395>: [Info] (AZCore): [StackConfig] Querying "remoteCfg.publicGameplay.ProductId" remote config. S3 key: "applications/publicGameplay/configuration-sets/ProductId/STEAM_APP_ID.1063730/versionless"
<2026-04-17 06:18:52.531>: [Info] (AZCore): [StackConfig] Retrieved layer's "remoteCfg.publicGameplay.ProductId" remote config, with S3 key: "applications/publicGameplay/configuration-sets/ProductId/STEAM_APP_ID.1063730/versionless" successfully, size: 2

<2026-04-17 06:18:52.548>: [Info] (AZCore): [StackConfig] LayerS3(): layer's "remoteCfg.publicGameplay.ProductIdv" S3 key (old: ""), reset to new value: "applications/publicGameplay/configuration-sets/ProductId/STEAM_APP_ID.1063730/6031;6004151"
<2026-04-17 06:18:52.552>: [Info] (AZCore): [StackConfig] Querying "remoteCfg.publicGameplay.ProductIdv" remote config. S3 key: "applications/publicGameplay/configuration-sets/ProductId/STEAM_APP_ID.1063730/6031;6004151"
<2026-04-17 06:18:52.699>: [Info] (AZCore): [StackConfig] LayerS3(): layer's "remoteCfg.publicGameplay.RegionId" S3 key (old: ""), reset to new value: "applications/publicGameplay/configuration-sets/RegionId/pdx-prod/versionless"
<2026-04-17 06:18:52.707>: [Info] (AZCore): [StackConfig] Querying "remoteCfg.publicGameplay.RegionId" remote config. S3 key: "applications/publicGameplay/configuration-sets/RegionId/pdx-prod/versionless"
<2026-04-17 06:18:52.846>: [Info] (AZCore): [StackConfig] Retrieved layer's "remoteCfg.publicGameplay.RegionId" remote config, with S3 key: "applications/publicGameplay/configuration-sets/RegionId/pdx-prod/versionless" successfully, size: 855

<2026-04-17 06:18:52.862>: [Info] (AZCore): [StackConfig] LayerS3(): layer's "remoteCfg.publicGameplay.RegionIdv" S3 key (old: ""), reset to new value: "applications/publicGameplay/configuration-sets/RegionId/pdx-prod/6031;6004151"
<2026-04-17 06:18:52.878>: [Info] (AZCore): [StackConfig] Querying "remoteCfg.publicGameplay.RegionIdv" remote config. S3 key: "applications/publicGameplay/configuration-sets/RegionId/pdx-prod/6031;6004151"
<2026-04-17 06:18:53.025>: [Info] (AZCore): [StackConfig] LayerS3(): layer's "remoteCfg.publicGameplay.CognitoId" S3 key (old: ""), reset to new value: "applications/publicGameplay/configuration-sets/CognitoId/us-east-1:3be8c78b-1be2-43b6-bfab-515cc6cfcc3f/versionless"
<2026-04-17 06:18:53.034>: [Info] (AZCore): [StackConfig] Querying "remoteCfg.publicGameplay.CognitoId" remote config. S3 key: "applications/publicGameplay/configuration-sets/CognitoId/us-east-1:3be8c78b-1be2-43b6-bfab-515cc6cfcc3f/versionless"
<2026-04-17 06:18:53.170>: [Info] (AZCore): [StackConfig] Retrieved layer's "remoteCfg.publicGameplay.CognitoId" remote config, with S3 key: "applications/publicGameplay/configuration-sets/CognitoId/us-east-1:3be8c78b-1be2-43b6-bfab-515cc6cfcc3f/versionless" successfully, size: 2793

<2026-04-17 06:18:53.189>: [Info] (AZCore): [StackConfig] LayerS3(): layer's "remoteCfg.publicGameplay.CognitoIdv" S3 key (old: ""), reset to new value: "applications/publicGameplay/configuration-sets/CognitoId/us-east-1:3be8c78b-1be2-43b6-bfab-515cc6cfcc3f/6031;6004151"
<2026-04-17 06:18:53.204>: [Info] (AZCore): [StackConfig] Querying "remoteCfg.publicGameplay.CognitoIdv" remote config. S3 key: "applications/publicGameplay/configuration-sets/CognitoId/us-east-1:3be8c78b-1be2-43b6-bfab-515cc6cfcc3f/6031;6004151"
<2026-04-17 06:18:53.367>: [Info] (AZCore): [Game] LogEnvironmentString: Gateway Signing Host: v7irlu1nrl.execute-api.us-west-2.amazonaws.com
<2026-04-17 06:18:53.367>: [Info] (AZCore): [Game] LogEnvironmentString: Gateway Address: d3bj4csovi1fe8.cloudfront.net
<2026-04-17 06:18:53.367>: [Info] (AZCore): [Game] LogEnvironmentString: HTTP Gateway Address: https://d3bj4csovi1fe8.cloudfront.net/prod
<2026-04-17 06:18:53.367>: [Info] (AZCore): [Game] LogEnvironmentString: Gateway Mode: gateway
<2026-04-17 06:18:53.367>: [Info] (AZCore): [GameConnection] ConfigureLogin MODE_GATEWAY: endpoint=d3bj4csovi1fe8.cloudfront.net, httpEntpoint=https://d3bj4csovi1fe8.cloudfront.net/prod, region=us-west-2
<2026-04-17 06:18:53.375>: [Info] (AZCore): [CampfireAnalyticsManager] initializing analytics client with parameters
<2026-04-17 06:18:53.381>: [Info]: InitializeSerializedOptions: Loaded Options file 'C:/Users/charl/AppData/Roaming/AGS/New World/savedata/usersettings_37ccbd7ffd92a332.javsave'.
<2026-04-17 06:18:53.381>: [Info]: [Vivox] VoiceChatSystemComponent: invalid input device id {0.0.1.00000000}.{138487fa-7a06-456b-a42c-48dadfaf742f}
<2026-04-17 06:18:53.382>: [Info]: [Vivox] VoiceChatSystemComponent: invalid output device id {0.0.0.00000000}.{99d501b3-0e8c-42d4-8bbd-9c4b297e3481}
<2026-04-17 06:18:53.485>: [Info] (AZCore): [Game] LogEnvironmentString: ClusterId: iad-prod
<2026-04-17 06:18:53.547>: [Info] (AZCore): [SteamAuth] Omni metadata is present for this channel, using OMNI Authentication.
<2026-04-17 06:18:53.547>: [Info] (AZCore): [OmniAuthBackend] Initializing OmniSDK 1.6
<2026-04-17 06:18:53.576>: [Info] (AZCore): [Game] 0x441F4C03(user) attempting sign-in.
<2026-04-17 06:18:53.576>: [Info] (AZCore): [SteamAuth] Attempting to log in to Steam
<2026-04-17 06:18:53.576>: [Info] (AZCore): [SteamAuth] Getting steam auth session ticket.
<2026-04-17 06:18:53.786>: [Info]: [Vivox] VoiceChatSystemComponent: invalid input device id {0.0.1.00000000}.{138487fa-7a06-456b-a42c-48dadfaf742f}
<2026-04-17 06:18:53.786>: [Info]: [Vivox] VoiceChatSystemComponent: invalid output device id {0.0.0.00000000}.{99d501b3-0e8c-42d4-8bbd-9c4b297e3481}
<2026-04-17 06:18:53.786>: [Info]: SerializeOptions: Saving to @savedata@/temp_usersettings_4ebac77dfc3a3de7.javsave
<2026-04-17 06:18:53.788>: [Info]: SerializeOptions: Success
<2026-04-17 06:18:53.788>: [Info]: SerializeOptions: Moving to @savedata@/usersettings_4ebac77dfc3a3de7.javsave
<2026-04-17 06:18:53.854>: [Info]: [Vivox] VoiceChatSystemComponent: invalid input device id {0.0.1.00000000}.{138487fa-7a06-456b-a42c-48dadfaf742f}
<2026-04-17 06:18:53.854>: [Info]: [Vivox] VoiceChatSystemComponent: invalid output device id {0.0.0.00000000}.{99d501b3-0e8c-42d4-8bbd-9c4b297e3481}
<2026-04-17 06:18:53.854>: [Info]: SerializeOptions: Saving to @savedata@/temp_usersettings_4ebac77dfc3a3de7.javsave
<2026-04-17 06:18:53.856>: [Info]: SerializeOptions: Success
<2026-04-17 06:18:53.856>: [Info]: SerializeOptions: Moving to @savedata@/usersettings_4ebac77dfc3a3de7.javsave
<2026-04-17 06:18:53.948>: [Info]: [Vivox] VoiceChatSystemComponent: invalid input device id {0.0.1.00000000}.{138487fa-7a06-456b-a42c-48dadfaf742f}
<2026-04-17 06:18:53.948>: [Info]: [Vivox] VoiceChatSystemComponent: invalid output device id {0.0.0.00000000}.{99d501b3-0e8c-42d4-8bbd-9c4b297e3481}
<2026-04-17 06:18:53.948>: [Info]: SerializeOptions: Saving to @savedata@/temp_usersettings_4ebac77dfc3a3de7.javsave
<2026-04-17 06:18:53.950>: [Info]: SerializeOptions: Success
<2026-04-17 06:18:53.950>: [Info]: SerializeOptions: Moving to @savedata@/usersettings_4ebac77dfc3a3de7.javsave
<2026-04-17 06:18:53.969>: [Info]: [Vivox] VoiceChatSystemComponent: invalid input device id {0.0.1.00000000}.{138487fa-7a06-456b-a42c-48dadfaf742f}
<2026-04-17 06:18:53.969>: [Info]: [Vivox] VoiceChatSystemComponent: invalid output device id {0.0.0.00000000}.{99d501b3-0e8c-42d4-8bbd-9c4b297e3481}
<2026-04-17 06:18:53.969>: [Info]: SerializeOptions: Saving to @savedata@/temp_usersettings_4ebac77dfc3a3de7.javsave
<2026-04-17 06:18:53.971>: [Info]: SerializeOptions: Success
<2026-04-17 06:18:53.971>: [Info]: SerializeOptions: Moving to @savedata@/usersettings_4ebac77dfc3a3de7.javsave
<2026-04-17 06:18:53.981>: [Info]: [Vivox] VoiceChatSystemComponent: invalid input device id {0.0.1.00000000}.{138487fa-7a06-456b-a42c-48dadfaf742f}
<2026-04-17 06:18:53.981>: [Info]: [Vivox] VoiceChatSystemComponent: invalid output device id {0.0.0.00000000}.{99d501b3-0e8c-42d4-8bbd-9c4b297e3481}
<2026-04-17 06:18:53.981>: [Info]: SerializeOptions: Saving to @savedata@/temp_usersettings_4ebac77dfc3a3de7.javsave
<2026-04-17 06:18:53.983>: [Info]: SerializeOptions: Success
<2026-04-17 06:18:53.983>: [Info]: SerializeOptions: Moving to @savedata@/usersettings_4ebac77dfc3a3de7.javsave
<2026-04-17 06:18:54.017>: [Info]: [Vivox] VoiceChatSystemComponent: invalid input device id {0.0.1.00000000}.{138487fa-7a06-456b-a42c-48dadfaf742f}
<2026-04-17 06:18:54.017>: [Info]: [Vivox] VoiceChatSystemComponent: invalid output device id {0.0.0.00000000}.{99d501b3-0e8c-42d4-8bbd-9c4b297e3481}
<2026-04-17 06:18:54.017>: [Info]: SerializeOptions: Saving to @savedata@/temp_usersettings_4ebac77dfc3a3de7.javsave
<2026-04-17 06:18:54.019>: [Info]: SerializeOptions: Success
<2026-04-17 06:18:54.019>: [Info]: SerializeOptions: Moving to @savedata@/usersettings_4ebac77dfc3a3de7.javsave
<2026-04-17 06:18:54.026>: [Info]: [Vivox] VoiceChatSystemComponent: invalid input device id {0.0.1.00000000}.{138487fa-7a06-456b-a42c-48dadfaf742f}
<2026-04-17 06:18:54.026>: [Info]: [Vivox] VoiceChatSystemComponent: invalid output device id {0.0.0.00000000}.{99d501b3-0e8c-42d4-8bbd-9c4b297e3481}
<2026-04-17 06:18:54.026>: [Info]: SerializeOptions: Saving to @savedata@/temp_usersettings_4ebac77dfc3a3de7.javsave
<2026-04-17 06:18:54.028>: [Info]: SerializeOptions: Success
<2026-04-17 06:18:54.028>: [Info]: SerializeOptions: Moving to @savedata@/usersettings_4ebac77dfc3a3de7.javsave
<2026-04-17 06:18:54.038>: [Info]: [Vivox] VoiceChatSystemComponent: invalid input device id {0.0.1.00000000}.{138487fa-7a06-456b-a42c-48dadfaf742f}
<2026-04-17 06:18:54.038>: [Info]: [Vivox] VoiceChatSystemComponent: invalid output device id {0.0.0.00000000}.{99d501b3-0e8c-42d4-8bbd-9c4b297e3481}
<2026-04-17 06:18:54.038>: [Info]: SerializeOptions: Saving to @savedata@/temp_usersettings_4ebac77dfc3a3de7.javsave
<2026-04-17 06:18:54.040>: [Info]: SerializeOptions: Success
<2026-04-17 06:18:54.040>: [Info]: SerializeOptions: Moving to @savedata@/usersettings_4ebac77dfc3a3de7.javsave
<2026-04-17 06:18:54.392>: [Info]: 
<2026-04-17 06:18:54.393>: [Info]: Total number of logical processors: 16
<2026-04-17 06:18:54.393>: [Info]: Number of available logical processors: 16
<2026-04-17 06:18:54.393>: [Info]: Total number of system cores: 8
<2026-04-17 06:18:54.393>: [Info]: Number of cores available to process: 8
<2026-04-17 06:18:54.393>: [Info]:  
<2026-04-17 06:18:54.393>: [Info]: Processor 0:
<2026-04-17 06:18:54.393>: [Info]:   CPU: AMD AMD Ryzen 7 9800X3D 8-Core Processor           
<2026-04-17 06:18:54.393>: [Info]:   Family: 15, Model: 4, Stepping: 0
<2026-04-17 06:18:54.393>: [Info]:   FPU: On-Chip
<2026-04-17 06:18:54.393>: [Info]:   3DNow!: not present
<2026-04-17 06:18:54.393>: [Info]:   MMX: not present
<2026-04-17 06:18:54.393>: [Info]:   SSE: present
<2026-04-17 06:18:54.393>: [Info]:   SSE2: present
<2026-04-17 06:18:54.393>: [Info]:   SSE3: present
<2026-04-17 06:18:54.393>: [Info]:   Serial number not present or disabled
<2026-04-17 06:18:54.393>: [Info]:  
<2026-04-17 06:18:54.393>: [Info]: Processor 1:
<2026-04-17 06:18:54.393>: [Info]:   CPU: AMD AMD Ryzen 7 9800X3D 8-Core Processor           
<2026-04-17 06:18:54.393>: [Info]:   Family: 15, Model: 4, Stepping: 0
<2026-04-17 06:18:54.393>: [Info]:   FPU: On-Chip
<2026-04-17 06:18:54.393>: [Info]:   3DNow!: not present
<2026-04-17 06:18:54.393>: [Info]:   MMX: not present
<2026-04-17 06:18:54.393>: [Info]:   SSE: present
<2026-04-17 06:18:54.393>: [Info]:   SSE2: present
<2026-04-17 06:18:54.393>: [Info]:   SSE3: present
<2026-04-17 06:18:54.393>: [Info]:   Serial number not present or disabled
<2026-04-17 06:18:54.393>: [Info]:  
<2026-04-17 06:18:54.393>: [Info]: Processor 2:
<2026-04-17 06:18:54.393>: [Info]:   CPU: AMD AMD Ryzen 7 9800X3D 8-Core Processor           
<2026-04-17 06:18:54.393>: [Info]:   Family: 15, Model: 4, Stepping: 0
<2026-04-17 06:18:54.393>: [Info]:   FPU: On-Chip
<2026-04-17 06:18:54.393>: [Info]:   3DNow!: not present
<2026-04-17 06:18:54.393>: [Info]:   MMX: not present
<2026-04-17 06:18:54.393>: [Info]:   SSE: present
<2026-04-17 06:18:54.393>: [Info]:   SSE2: present
<2026-04-17 06:18:54.393>: [Info]:   SSE3: present
<2026-04-17 06:18:54.393>: [Info]:   Serial number not present or disabled
<2026-04-17 06:18:54.393>: [Info]:  
<2026-04-17 06:18:54.393>: [Info]: Processor 3:
<2026-04-17 06:18:54.393>: [Info]:   CPU: AMD AMD Ryzen 7 9800X3D 8-Core Processor           
<2026-04-17 06:18:54.393>: [Info]:   Family: 15, Model: 4, Stepping: 0
<2026-04-17 06:18:54.393>: [Info]:   FPU: On-Chip
<2026-04-17 06:18:54.393>: [Info]:   3DNow!: not present
<2026-04-17 06:18:54.393>: [Info]:   MMX: not present
<2026-04-17 06:18:54.393>: [Info]:   SSE: present
<2026-04-17 06:18:54.393>: [Info]:   SSE2: present
<2026-04-17 06:18:54.393>: [Info]:   SSE3: present
<2026-04-17 06:18:54.393>: [Info]:   Serial number not present or disabled
<2026-04-17 06:18:54.393>: [Info]:  
<2026-04-17 06:18:54.393>: [Info]: Processor 4:
<2026-04-17 06:18:54.393>: [Info]:   CPU: AMD AMD Ryzen 7 9800X3D 8-Core Processor           
<2026-04-17 06:18:54.393>: [Info]:   Family: 15, Model: 4, Stepping: 0
<2026-04-17 06:18:54.393>: [Info]:   FPU: On-Chip
<2026-04-17 06:18:54.393>: [Info]:   3DNow!: not present
<2026-04-17 06:18:54.393>: [Info]:   MMX: not present
<2026-04-17 06:18:54.393>: [Info]:   SSE: present
<2026-04-17 06:18:54.393>: [Info]:   SSE2: present
<2026-04-17 06:18:54.393>: [Info]:   SSE3: present
<2026-04-17 06:18:54.393>: [Info]:   Serial number not present or disabled
<2026-04-17 06:18:54.393>: [Info]:  
<2026-04-17 06:18:54.393>: [Info]: Processor 5:
<2026-04-17 06:18:54.393>: [Info]:   CPU: AMD AMD Ryzen 7 9800X3D 8-Core Processor           
<2026-04-17 06:18:54.393>: [Info]:   Family: 15, Model: 4, Stepping: 0
<2026-04-17 06:18:54.393>: [Info]:   FPU: On-Chip
<2026-04-17 06:18:54.393>: [Info]:   3DNow!: not present
<2026-04-17 06:18:54.393>: [Info]:   MMX: not present
<2026-04-17 06:18:54.393>: [Info]:   SSE: present
<2026-04-17 06:18:54.393>: [Info]:   SSE2: present
<2026-04-17 06:18:54.393>: [Info]:   SSE3: present
<2026-04-17 06:18:54.393>: [Info]:   Serial number not present or disabled
<2026-04-17 06:18:54.393>: [Info]:  
<2026-04-17 06:18:54.393>: [Info]: Processor 6:
<2026-04-17 06:18:54.393>: [Info]:   CPU: AMD AMD Ryzen 7 9800X3D 8-Core Processor           
<2026-04-17 06:18:54.393>: [Info]:   Family: 15, Model: 4, Stepping: 0
<2026-04-17 06:18:54.393>: [Info]:   FPU: On-Chip
<2026-04-17 06:18:54.393>: [Info]:   3DNow!: not present
<2026-04-17 06:18:54.393>: [Info]:   MMX: not present
<2026-04-17 06:18:54.393>: [Info]:   SSE: present
<2026-04-17 06:18:54.393>: [Info]:   SSE2: present
<2026-04-17 06:18:54.393>: [Info]:   SSE3: present
<2026-04-17 06:18:54.393>: [Info]:   Serial number not present or disabled
<2026-04-17 06:18:54.393>: [Info]:  
<2026-04-17 06:18:54.393>: [Info]: Processor 7:
<2026-04-17 06:18:54.393>: [Info]:   CPU: AMD AMD Ryzen 7 9800X3D 8-Core Processor           
<2026-04-17 06:18:54.393>: [Info]:   Family: 15, Model: 4, Stepping: 0
<2026-04-17 06:18:54.393>: [Info]:   FPU: On-Chip
<2026-04-17 06:18:54.393>: [Info]:   3DNow!: not present
<2026-04-17 06:18:54.393>: [Info]:   MMX: not present
<2026-04-17 06:18:54.393>: [Info]:   SSE: present
<2026-04-17 06:18:54.393>: [Info]:   SSE2: present
<2026-04-17 06:18:54.393>: [Info]:   SSE3: present
<2026-04-17 06:18:54.393>: [Info]:   Serial number not present or disabled
<2026-04-17 06:18:54.393>: [Info]:  
<2026-04-17 06:18:55.211>: [Info] (AZCore): [SteamAuth] OnAuthSessionTicket: Authenticating using steam auth session ticket handle: 3
<2026-04-17 06:18:55.211>: [Info] (AZCore): [SteamAuth] Current ticket handle: 3, ticket: steam|1400000053a81742055b1d349c288306010010013fcae169180000000100000005000000dcf23c999723f82a32b8190002000000d600000056000000040000009c28830601001001323b1000bc05ed184a00a8c000000000f0e7d5697097f1690100de5d06000600b05112000000b15112000000b25112000000707d12000000b8f4250000003e3c30000000000080eb5dc4e1c88e53e1728836740cd419997a5169af90202348789fd7b979df121e4feb9d1d2673cf30fff6a27cb9364df47a78a2edbd0f6b064d616ffb057579a63bb0921f646d14d20b5c6d27ecf1f619913ce9ece4475
<2026-04-17 06:18:55.745>: [Info] (AZCore): [OmniAuthBackend] Get persona id result: OK
<2026-04-17 06:18:55.745>: [Info] (AZCore): [OmniAuthBackend] Get ags account type result: Full
<2026-04-17 06:18:55.745>: [Info] (AZCore): [OmniAuthBackend] Omni CreateSession complete with result: 0, id: amzn1.developerPersonaId.4ee4810f-da59-c553-4027-91e961054dce
<2026-04-17 06:18:56.010>: [Info] (AZCore): [SteamAuth] Calling Http API: https://d2oeuvxi3kfsrw.cloudfront.net/prod/credentials/omni
<2026-04-17 06:18:56.583>: [Info] (AZCore): [AuthStackCredentialsProvider] Successfully refreshed gateway AWS credentials, next attempt will start after 2026-04-17T07:13:56Z
<2026-04-17 06:18:56.583>: [Info] (AZCore): [AuthStackCredentialsProvider] Successfully refreshed persona AWS credentials, next attempt will start after 2026-04-17T07:13:56Z
<2026-04-17 06:18:56.590>: [Info] (AZCore): [Game] CGame::OnCampfireLoginComplete, login successful. ownership=permanent
<2026-04-17 06:18:56.606>: [Info] (AZCore): [StackConfig] LayerS3(): layer's "remoteCfg.public.ProductId" S3 key (old: "applications/public/configuration-sets/ProductId/STEAM_APP_ID.1063730/versionless"), reset to new value: "applications/public/configuration-sets/ProductId/STEAM_APP_ID.1063730/versionless"
<2026-04-17 06:18:56.606>: [Info] (AZCore): [StackConfig] Querying "remoteCfg.public.ProductId" remote config. S3 key: "applications/public/configuration-sets/ProductId/STEAM_APP_ID.1063730/versionless"
<2026-04-17 06:18:56.749>: [Info] (AZCore): [StackConfig] Retrieved layer's "remoteCfg.public.ProductId" remote config, with S3 key: "applications/public/configuration-sets/ProductId/STEAM_APP_ID.1063730/versionless" successfully, size: 190

<2026-04-17 06:18:56.764>: [Info] (AZCore): [StackConfig] LayerS3(): layer's "remoteCfg.public.ProductIdv" S3 key (old: "applications/public/configuration-sets/ProductId/STEAM_APP_ID.1063730/6031;6004151"), reset to new value: "applications/public/configuration-sets/ProductId/STEAM_APP_ID.1063730/6031;6004151"
<2026-04-17 06:18:56.764>: [Info] (AZCore): [StackConfig] Querying "remoteCfg.public.ProductIdv" remote config. S3 key: "applications/public/configuration-sets/ProductId/STEAM_APP_ID.1063730/6031;6004151"
<2026-04-17 06:18:56.914>: [Info] (AZCore): [StackConfig] LayerS3(): layer's "remoteCfg.public.RegionId" S3 key (old: "applications/public/configuration-sets/RegionId/pdx-prod/versionless"), reset to new value: "applications/public/configuration-sets/RegionId/iad-prod/versionless"
<2026-04-17 06:18:56.914>: [Info] (AZCore): [StackConfig] Querying "remoteCfg.public.RegionId" remote config. S3 key: "applications/public/configuration-sets/RegionId/iad-prod/versionless"
<2026-04-17 06:18:57.052>: [Info] (AZCore): [StackConfig] Retrieved layer's "remoteCfg.public.RegionId" remote config, with S3 key: "applications/public/configuration-sets/RegionId/iad-prod/versionless" successfully, size: 530

<2026-04-17 06:18:58.017>: [Info] (AZCore): [StackConfig] LayerS3(): layer's "remoteCfg.public.RegionIdv" S3 key (old: "applications/public/configuration-sets/RegionId/pdx-prod/6031;6004151"), reset to new value: "applications/public/configuration-sets/RegionId/iad-prod/6031;6004151"
<2026-04-17 06:18:58.017>: [Info] (AZCore): [StackConfig] Querying "remoteCfg.public.RegionIdv" remote config. S3 key: "applications/public/configuration-sets/RegionId/iad-prod/6031;6004151"
<2026-04-17 06:18:58.172>: [Info] (AZCore): [StackConfig] LayerS3(): layer's "remoteCfg.public.CognitoId" S3 key (old: "applications/public/configuration-sets/CognitoId/us-east-1:3be8c78b-1be2-43b6-bfab-515cc6cfcc3f/versionless"), reset to new value: "applications/public/configuration-sets/CognitoId/us-east-1:6ddd6498-c7d2-4df5-9ac6-855f140a3f09/versionless"
<2026-04-17 06:18:58.172>: [Info] (AZCore): [StackConfig] Querying "remoteCfg.public.CognitoId" remote config. S3 key: "applications/public/configuration-sets/CognitoId/us-east-1:6ddd6498-c7d2-4df5-9ac6-855f140a3f09/versionless"
<2026-04-17 06:18:58.308>: [Info] (AZCore): [StackConfig] Retrieved layer's "remoteCfg.public.CognitoId" remote config, with S3 key: "applications/public/configuration-sets/CognitoId/us-east-1:6ddd6498-c7d2-4df5-9ac6-855f140a3f09/versionless" successfully, size: 351

<2026-04-17 06:18:58.318>: [Info] (AZCore): [StackConfig] LayerS3(): layer's "remoteCfg.public.CognitoIdv" S3 key (old: "applications/public/configuration-sets/CognitoId/us-east-1:3be8c78b-1be2-43b6-bfab-515cc6cfcc3f/6031;6004151"), reset to new value: "applications/public/configuration-sets/CognitoId/us-east-1:6ddd6498-c7d2-4df5-9ac6-855f140a3f09/6031;6004151"
<2026-04-17 06:18:58.318>: [Info] (AZCore): [StackConfig] Querying "remoteCfg.public.CognitoIdv" remote config. S3 key: "applications/public/configuration-sets/CognitoId/us-east-1:6ddd6498-c7d2-4df5-9ac6-855f140a3f09/6031;6004151"
<2026-04-17 06:18:58.465>: [Info] (AZCore): [StackConfig] LayerS3(): layer's "remoteCfg.publicGameplay.ProductId" S3 key (old: "applications/publicGameplay/configuration-sets/ProductId/STEAM_APP_ID.1063730/versionless"), reset to new value: "applications/publicGameplay/configuration-sets/ProductId/STEAM_APP_ID.1063730/versionless"
<2026-04-17 06:18:58.465>: [Info] (AZCore): [StackConfig] Querying "remoteCfg.publicGameplay.ProductId" remote config. S3 key: "applications/publicGameplay/configuration-sets/ProductId/STEAM_APP_ID.1063730/versionless"
<2026-04-17 06:18:58.605>: [Info] (AZCore): [StackConfig] Retrieved layer's "remoteCfg.publicGameplay.ProductId" remote config, with S3 key: "applications/publicGameplay/configuration-sets/ProductId/STEAM_APP_ID.1063730/versionless" successfully, size: 2

<2026-04-17 06:18:58.619>: [Info] (AZCore): [StackConfig] LayerS3(): layer's "remoteCfg.publicGameplay.ProductIdv" S3 key (old: "applications/publicGameplay/configuration-sets/ProductId/STEAM_APP_ID.1063730/6031;6004151"), reset to new value: "applications/publicGameplay/configuration-sets/ProductId/STEAM_APP_ID.1063730/6031;6004151"
<2026-04-17 06:18:58.619>: [Info] (AZCore): [StackConfig] Querying "remoteCfg.publicGameplay.ProductIdv" remote config. S3 key: "applications/publicGameplay/configuration-sets/ProductId/STEAM_APP_ID.1063730/6031;6004151"
<2026-04-17 06:18:58.749>: [Info] (AZCore): [StackConfig] LayerS3(): layer's "remoteCfg.publicGameplay.RegionId" S3 key (old: "applications/publicGameplay/configuration-sets/RegionId/pdx-prod/versionless"), reset to new value: "applications/publicGameplay/configuration-sets/RegionId/iad-prod/versionless"
<2026-04-17 06:18:58.749>: [Info] (AZCore): [StackConfig] Querying "remoteCfg.publicGameplay.RegionId" remote config. S3 key: "applications/publicGameplay/configuration-sets/RegionId/iad-prod/versionless"
<2026-04-17 06:18:58.924>: [Info] (AZCore): [StackConfig] Retrieved layer's "remoteCfg.publicGameplay.RegionId" remote config, with S3 key: "applications/publicGameplay/configuration-sets/RegionId/iad-prod/versionless" successfully, size: 854

<2026-04-17 06:18:58.937>: [Info] (AZCore): [StackConfig] LayerS3(): layer's "remoteCfg.publicGameplay.RegionIdv" S3 key (old: "applications/publicGameplay/configuration-sets/RegionId/pdx-prod/6031;6004151"), reset to new value: "applications/publicGameplay/configuration-sets/RegionId/iad-prod/6031;6004151"
<2026-04-17 06:18:58.937>: [Info] (AZCore): [StackConfig] Querying "remoteCfg.publicGameplay.RegionIdv" remote config. S3 key: "applications/publicGameplay/configuration-sets/RegionId/iad-prod/6031;6004151"
<2026-04-17 06:18:59.073>: [Info] (AZCore): [StackConfig] LayerS3(): layer's "remoteCfg.publicGameplay.CognitoId" S3 key (old: "applications/publicGameplay/configuration-sets/CognitoId/us-east-1:3be8c78b-1be2-43b6-bfab-515cc6cfcc3f/versionless"), reset to new value: "applications/publicGameplay/configuration-sets/CognitoId/us-east-1:6ddd6498-c7d2-4df5-9ac6-855f140a3f09/versionless"
<2026-04-17 06:18:59.073>: [Info] (AZCore): [StackConfig] Querying "remoteCfg.publicGameplay.CognitoId" remote config. S3 key: "applications/publicGameplay/configuration-sets/CognitoId/us-east-1:6ddd6498-c7d2-4df5-9ac6-855f140a3f09/versionless"
<2026-04-17 06:18:59.209>: [Info] (AZCore): [StackConfig] Retrieved layer's "remoteCfg.publicGameplay.CognitoId" remote config, with S3 key: "applications/publicGameplay/configuration-sets/CognitoId/us-east-1:6ddd6498-c7d2-4df5-9ac6-855f140a3f09/versionless" successfully, size: 2793

<2026-04-17 06:18:59.224>: [Info] (AZCore): [StackConfig] LayerS3(): layer's "remoteCfg.publicGameplay.CognitoIdv" S3 key (old: "applications/publicGameplay/configuration-sets/CognitoId/us-east-1:3be8c78b-1be2-43b6-bfab-515cc6cfcc3f/6031;6004151"), reset to new value: "applications/publicGameplay/configuration-sets/CognitoId/us-east-1:6ddd6498-c7d2-4df5-9ac6-855f140a3f09/6031;6004151"
<2026-04-17 06:18:59.224>: [Info] (AZCore): [StackConfig] Querying "remoteCfg.publicGameplay.CognitoIdv" remote config. S3 key: "applications/publicGameplay/configuration-sets/CognitoId/us-east-1:6ddd6498-c7d2-4df5-9ac6-855f140a3f09/6031;6004151"
<2026-04-17 06:18:59.227>: [Info] (AZCore): [CMS] Loading CMS File: H:/SteamLibrary/steamapps/common/New World/Assets/news_stories.json
<2026-04-17 06:18:59.227>: [Info] (AZCore): [CMS] Loading CMS HTTP Request URL: https://d1hkbwzm1bktgo.cloudfront.net/newsstories/STEAM_APP_ID.1063730/metadata.json
<2026-04-17 06:18:59.480>: [Info] (AZCore): [CMS] Loading CMS File: H:/SteamLibrary/steamapps/common/New World/Assets/https://client.content-service.amazongames.com/images/j95d1p8hsuun/2clwm0ekuz4b61pppoiene/58926e21c6095cec08b970fd677c67b2/panelbg.dds
<2026-04-17 06:18:59.480>: [Info] (AZCore): [CMS] Loading CMS HTTP Request URL: https://client.content-service.amazongames.com/images/j95d1p8hsuun/2CLwm0EKUz4B61PppoIENe/58926e21c6095cec08b970fd677c67b2/panelbg.dds
<2026-04-17 06:18:59.828>: [Info] (AZCore): [CMS] Loading CMS File: H:/SteamLibrary/steamapps/common/New World/Assets/marketing_tiles.json
<2026-04-17 06:18:59.828>: [Info] (AZCore): [CMS] Loading CMS HTTP Request URL: https://d1hkbwzm1bktgo.cloudfront.net/marketingtiles/STEAM_APP_ID.1063730/metadata.json
<2026-04-17 06:18:59.877>: [Info] (AZCore): [CMS] Loading CMS File: H:/SteamLibrary/steamapps/common/New World/Assets/https://client.content-service.amazongames.com/images/j95d1p8hsuun/nyt1ufo3mzazqbigk5bov/545b5d71ef228db0b20f979d14f68b91/nw_maintenance_tile_final_652x360_ct-000022652.dds
<2026-04-17 06:18:59.877>: [Info] (AZCore): [CMS] Loading CMS HTTP Request URL: https://client.content-service.amazongames.com/images/j95d1p8hsuun/NYt1ufO3MzAZQBiGk5bov/545b5d71ef228db0b20f979d14f68b91/nw_maintenance_tile_final_652x360_ct-000022652.dds
<2026-04-17 06:18:59.967>: [Info] (AZCore): [CMS] Loading CMS File: H:/SteamLibrary/steamapps/common/New World/Assets/https://client.content-service.amazongames.com/images/j95d1p8hsuun/4vpdqds4vihl2mdcxl1dew/3e69856f1ccde95ea55fec154ada317b/nw_maintenance__modal_ct-000022652.dds
<2026-04-17 06:18:59.967>: [Info] (AZCore): [CMS] Loading CMS HTTP Request URL: https://client.content-service.amazongames.com/images/j95d1p8hsuun/4VpdqDs4Vihl2MdcxL1DEW/3e69856f1ccde95ea55fec154ada317b/nw_maintenance__modal_ct-000022652.dds
<2026-04-17 06:19:00.067>: [Info]: [Vivox] VoiceChatSystemComponent: invalid input device id {0.0.1.00000000}.{138487fa-7a06-456b-a42c-48dadfaf742f}
<2026-04-17 06:19:00.067>: [Info]: [Vivox] VoiceChatSystemComponent: invalid output device id {0.0.0.00000000}.{99d501b3-0e8c-42d4-8bbd-9c4b297e3481}
<2026-04-17 06:19:00.067>: [Info]: SerializeOptions: Saving to @savedata@/temp_usersettings_37ccbd7ffd92a332.javsave
<2026-04-17 06:19:00.069>: [Info]: SerializeOptions: Success
<2026-04-17 06:19:00.069>: [Info]: SerializeOptions: Moving to @savedata@/usersettings_37ccbd7ffd92a332.javsave
<2026-04-17 06:19:00.087>: [Info] (AZCore): [Game] LogEnvironmentString: Gateway Signing Host: 0prplal5u1.execute-api.us-east-1.amazonaws.com
<2026-04-17 06:19:00.087>: [Info] (AZCore): [Game] LogEnvironmentString: Gateway Address: d2oeuvxi3kfsrw.cloudfront.net
<2026-04-17 06:19:00.087>: [Info] (AZCore): [Game] LogEnvironmentString: HTTP Gateway Address: https://d2oeuvxi3kfsrw.cloudfront.net/prod
<2026-04-17 06:19:00.087>: [Info] (AZCore): [GameConnection] ConfigureLogin MODE_GATEWAY: endpoint=d2oeuvxi3kfsrw.cloudfront.net, httpEntpoint=https://d2oeuvxi3kfsrw.cloudfront.net/prod, region=us-east-1
<2026-04-17 06:19:00.100>: [Info] (AZCore): [CMS] Loading CMS File: H:/SteamLibrary/steamapps/common/New World/Assets/https://client.content-service.amazongames.com/images/j95d1p8hsuun/lz3b0x365ev1yk3amgeiw/48378a30400e1bd8efbe5b09306b36ae/newstile2.dds
<2026-04-17 06:19:00.100>: [Info] (AZCore): [CMS] Loading CMS HTTP Request URL: https://client.content-service.amazongames.com/images/j95d1p8hsuun/LZ3B0x365eV1Yk3AMGeiW/48378a30400e1bd8efbe5b09306b36ae/newstile2.dds
<2026-04-17 06:19:00.568>: [Info]: [ERROR] XDllSingleton: Singleton already instantiated! {"singletonName":"class CampfireAnalyticsManager"}
<2026-04-17 06:19:00.568>: [Info] (AZCore): [Game] LogEnvironmentString: Persona ID: amzn1.developerPersonaId.4ee4810f-da59-c553-4027-91e961054dce
<2026-04-17 06:19:00.570>: [Info]: InitializeSerializedOptions: Loaded Options file 'C:/Users/charl/AppData/Roaming/AGS/New World/savedata/usersettings_37ccbd7ffd92a332.javsave'.
<2026-04-17 06:19:00.570>: [Info]: [Vivox] VoiceChatSystemComponent: invalid input device id {0.0.1.00000000}.{138487fa-7a06-456b-a42c-48dadfaf742f}
<2026-04-17 06:19:00.570>: [Info]: [Vivox] VoiceChatSystemComponent: invalid output device id {0.0.0.00000000}.{99d501b3-0e8c-42d4-8bbd-9c4b297e3481}
<2026-04-17 06:19:00.944>: [Info]: 
<2026-04-17 06:19:00.944>: [Info]: Total number of logical processors: 16
<2026-04-17 06:19:00.944>: [Info]: Number of available logical processors: 16
<2026-04-17 06:19:00.944>: [Info]: Total number of system cores: 8
<2026-04-17 06:19:00.944>: [Info]: Number of cores available to process: 8
<2026-04-17 06:19:00.944>: [Info]:  
<2026-04-17 06:19:00.944>: [Info]: Processor 0:
<2026-04-17 06:19:00.944>: [Info]:   CPU: AMD AMD Ryzen 7 9800X3D 8-Core Processor           
<2026-04-17 06:19:00.944>: [Info]:   Family: 15, Model: 4, Stepping: 0
<2026-04-17 06:19:00.944>: [Info]:   FPU: On-Chip
<2026-04-17 06:19:00.944>: [Info]:   3DNow!: not present
<2026-04-17 06:19:00.944>: [Info]:   MMX: not present
<2026-04-17 06:19:00.944>: [Info]:   SSE: present
<2026-04-17 06:19:00.944>: [Info]:   SSE2: present
<2026-04-17 06:19:00.944>: [Info]:   SSE3: present
<2026-04-17 06:19:00.944>: [Info]:   Serial number not present or disabled
<2026-04-17 06:19:00.944>: [Info]:  
<2026-04-17 06:19:00.944>: [Info]: Processor 1:
<2026-04-17 06:19:00.944>: [Info]:   CPU: AMD AMD Ryzen 7 9800X3D 8-Core Processor           
<2026-04-17 06:19:00.944>: [Info]:   Family: 15, Model: 4, Stepping: 0
<2026-04-17 06:19:00.944>: [Info]:   FPU: On-Chip
<2026-04-17 06:19:00.944>: [Info]:   3DNow!: not present
<2026-04-17 06:19:00.944>: [Info]:   MMX: not present
<2026-04-17 06:19:00.944>: [Info]:   SSE: present
<2026-04-17 06:19:00.944>: [Info]:   SSE2: present
<2026-04-17 06:19:00.944>: [Info]:   SSE3: present
<2026-04-17 06:19:00.944>: [Info]:   Serial number not present or disabled
<2026-04-17 06:19:00.944>: [Info]:  
<2026-04-17 06:19:00.944>: [Info]: Processor 2:
<2026-04-17 06:19:00.944>: [Info]:   CPU: AMD AMD Ryzen 7 9800X3D 8-Core Processor           
<2026-04-17 06:19:00.944>: [Info]:   Family: 15, Model: 4, Stepping: 0
<2026-04-17 06:19:00.944>: [Info]:   FPU: On-Chip
<2026-04-17 06:19:00.944>: [Info]:   3DNow!: not present
<2026-04-17 06:19:00.944>: [Info]:   MMX: not present
<2026-04-17 06:19:00.944>: [Info]:   SSE: present
<2026-04-17 06:19:00.944>: [Info]:   SSE2: present
<2026-04-17 06:19:00.944>: [Info]:   SSE3: present
<2026-04-17 06:19:00.944>: [Info]:   Serial number not present or disabled
<2026-04-17 06:19:00.944>: [Info]:  
<2026-04-17 06:19:00.944>: [Info]: Processor 3:
<2026-04-17 06:19:00.944>: [Info]:   CPU: AMD AMD Ryzen 7 9800X3D 8-Core Processor           
<2026-04-17 06:19:00.944>: [Info]:   Family: 15, Model: 4, Stepping: 0
<2026-04-17 06:19:00.944>: [Info]:   FPU: On-Chip
<2026-04-17 06:19:00.944>: [Info]:   3DNow!: not present
<2026-04-17 06:19:00.944>: [Info]:   MMX: not present
<2026-04-17 06:19:00.944>: [Info]:   SSE: present
<2026-04-17 06:19:00.944>: [Info]:   SSE2: present
<2026-04-17 06:19:00.944>: [Info]:   SSE3: present
<2026-04-17 06:19:00.944>: [Info]:   Serial number not present or disabled
<2026-04-17 06:19:00.944>: [Info]:  
<2026-04-17 06:19:00.944>: [Info]: Processor 4:
<2026-04-17 06:19:00.944>: [Info]:   CPU: AMD AMD Ryzen 7 9800X3D 8-Core Processor           
<2026-04-17 06:19:00.944>: [Info]:   Family: 15, Model: 4, Stepping: 0
<2026-04-17 06:19:00.944>: [Info]:   FPU: On-Chip
<2026-04-17 06:19:00.944>: [Info]:   3DNow!: not present
<2026-04-17 06:19:00.944>: [Info]:   MMX: not present
<2026-04-17 06:19:00.944>: [Info]:   SSE: present
<2026-04-17 06:19:00.944>: [Info]:   SSE2: present
<2026-04-17 06:19:00.944>: [Info]:   SSE3: present
<2026-04-17 06:19:00.944>: [Info]:   Serial number not present or disabled
<2026-04-17 06:19:00.944>: [Info]:  
<2026-04-17 06:19:00.944>: [Info]: Processor 5:
<2026-04-17 06:19:00.944>: [Info]:   CPU: AMD AMD Ryzen 7 9800X3D 8-Core Processor           
<2026-04-17 06:19:00.944>: [Info]:   Family: 15, Model: 4, Stepping: 0
<2026-04-17 06:19:00.944>: [Info]:   FPU: On-Chip
<2026-04-17 06:19:00.944>: [Info]:   3DNow!: not present
<2026-04-17 06:19:00.944>: [Info]:   MMX: not present
<2026-04-17 06:19:00.944>: [Info]:   SSE: present
<2026-04-17 06:19:00.944>: [Info]:   SSE2: present
<2026-04-17 06:19:00.944>: [Info]:   SSE3: present
<2026-04-17 06:19:00.944>: [Info]:   Serial number not present or disabled
<2026-04-17 06:19:00.944>: [Info]:  
<2026-04-17 06:19:00.944>: [Info]: Processor 6:
<2026-04-17 06:19:00.944>: [Info]:   CPU: AMD AMD Ryzen 7 9800X3D 8-Core Processor           
<2026-04-17 06:19:00.944>: [Info]:   Family: 15, Model: 4, Stepping: 0
<2026-04-17 06:19:00.944>: [Info]:   FPU: On-Chip
<2026-04-17 06:19:00.944>: [Info]:   3DNow!: not present
<2026-04-17 06:19:00.944>: [Info]:   MMX: not present
<2026-04-17 06:19:00.944>: [Info]:   SSE: present
<2026-04-17 06:19:00.944>: [Info]:   SSE2: present
<2026-04-17 06:19:00.944>: [Info]:   SSE3: present
<2026-04-17 06:19:00.944>: [Info]:   Serial number not present or disabled
<2026-04-17 06:19:00.944>: [Info]:  
<2026-04-17 06:19:00.944>: [Info]: Processor 7:
<2026-04-17 06:19:00.944>: [Info]:   CPU: AMD AMD Ryzen 7 9800X3D 8-Core Processor           
<2026-04-17 06:19:00.944>: [Info]:   Family: 15, Model: 4, Stepping: 0
<2026-04-17 06:19:00.944>: [Info]:   FPU: On-Chip
<2026-04-17 06:19:00.944>: [Info]:   3DNow!: not present
<2026-04-17 06:19:00.944>: [Info]:   MMX: not present
<2026-04-17 06:19:00.944>: [Info]:   SSE: present
<2026-04-17 06:19:00.944>: [Info]:   SSE2: present
<2026-04-17 06:19:00.944>: [Info]:   SSE3: present
<2026-04-17 06:19:00.944>: [Info]:   Serial number not present or disabled
<2026-04-17 06:19:00.944>: [Info]:  
<2026-04-17 06:19:01.792>: [Info] (AZCore): [CMS] Loading CMS File: H:/SteamLibrary/steamapps/common/New World/Assets/worlds.override.json
<2026-04-17 06:19:01.792>: [Info] (AZCore): [CMS] Loading CMS HTTP Request URL: https://d1hkbwzm1bktgo.cloudfront.net/motd/worlds_STEAM_APP_ID.1063730.json
<2026-04-17 06:19:01.874>: [Info] (AZCore): [CMS] Loading CMS File: H:/SteamLibrary/steamapps/common/New World/Assets/news_stories.json
<2026-04-17 06:19:01.874>: [Info] (AZCore): [CMS] Loading CMS HTTP Request URL: https://d1hkbwzm1bktgo.cloudfront.net/newsstories/STEAM_APP_ID.1063730/metadata.json
<2026-04-17 06:19:10.386>: [Info]: [Vivox] VoiceChatSystemComponent: invalid input device id {0.0.1.00000000}.{138487fa-7a06-456b-a42c-48dadfaf742f}
<2026-04-17 06:19:10.386>: [Info]: [Vivox] VoiceChatSystemComponent: invalid output device id {0.0.0.00000000}.{99d501b3-0e8c-42d4-8bbd-9c4b297e3481}
<2026-04-17 06:19:10.386>: [Info]: SerializeOptions: Saving to @savedata@/temp_usersettings_37ccbd7ffd92a332.javsave
<2026-04-17 06:19:10.388>: [Info]: SerializeOptions: Success
<2026-04-17 06:19:10.388>: [Info]: SerializeOptions: Moving to @savedata@/usersettings_37ccbd7ffd92a332.javsave
<2026-04-17 06:19:14.487>: [Info] (AZCore): [OmniAuthBackend] AGS account link session ended
<2026-04-17 06:19:14.489>: [Info] (AZCore): [Game] CGame::ActorContainerConnect
<2026-04-17 06:19:14.489>: [Info] (AZCore): [GameConnection] GameConnectionWrapper::Disconnect
<2026-04-17 06:19:14.489>: [Info] (AZCore): [GameConnection] GameConnectionWrapper::Connect: playerName = NoxJ
<2026-04-17 06:19:14.489>: [Info] (AZCore): [GameConnection] Update state Disconnected to new state QueryGameUpdateCheck
<2026-04-17 06:19:14.497>: [Info] (AZCore): [GameConnection] QueryGameUpdateCheck: no game update check needed.
<2026-04-17 06:19:14.497>: [Info] (AZCore): [GameConnection] Update state QueryGameUpdateCheck to new state QueueGameLogin
<2026-04-17 06:19:14.505>: [Info] (AZCore): [GameConnection] Update state QueueGameLogin to new state WaitingForQueuedLogin
<2026-04-17 06:19:14.505>: [Info] (AZCore): [GameConnection] Queuing login for world () and character (500d3986-4b74-48d4-8ee3-8dafb5d9d780)
<2026-04-17 06:19:15.279>: [Info] (AZCore): [GameConnection] Received a login ticket: eacab29f-f0eb-43b4-84ed-91c4861aefc0_3eade54e-09cb-4b98-9721-af5b1ed4216e, location: , New Ticket
<2026-04-17 06:19:17.907>: [Info] (AZCore): [GameConnection] Received a login ticket: eacab29f-f0eb-43b4-84ed-91c4861aefc0_3eade54e-09cb-4b98-9721-af5b1ed4216e, location: , Refreshed Ticket
<2026-04-17 06:19:17.907>: [Info] (AZCore): [Game] LogEnvironmentString: World ID: eacab29f-f0eb-43b4-84ed-91c4861aefc0
<2026-04-17 06:19:17.907>: [Info] (AZCore): [Game] LogEnvironmentString: World Name: live-2-02-1
<2026-04-17 06:19:17.907>: [Info] (AZCore): [Game] LogEnvironmentString: Character ID: 500d3986-4b74-48d4-8ee3-8dafb5d9d780
<2026-04-17 06:19:17.907>: [Info] (AZCore): [Game] LogEnvironmentString: REP Address: 35.71.190.194:23971
<2026-04-17 06:19:17.914>: [Info] (AZCore): [GameConnection] Update state WaitingForQueuedLogin to new state QueryForRemoteConfigClass
<2026-04-17 06:19:17.915>: [Info] (AZCore): [CMS] Loading CMS File: H:/SteamLibrary/steamapps/common/New World/Assets/news_stories.json
<2026-04-17 06:19:17.915>: [Info] (AZCore): [CMS] Loading CMS HTTP Request URL: https://d1hkbwzm1bktgo.cloudfront.net/newsstories/STEAM_APP_ID.1063730/metadata.json
<2026-04-17 06:19:17.918>: [Info] (AZCore): [StackConfig] LayerS3(): layer's "remoteCfg.public.WorldId" S3 key (old: ""), reset to new value: "applications/public/configuration-sets/WorldId/eacab29f-f0eb-43b4-84ed-91c4861aefc0/versionless"
<2026-04-17 06:19:17.927>: [Info] (AZCore): [GameConnection] Update state QueryForRemoteConfigClass to new state WaitingForRemoteConfigClass
<2026-04-17 06:19:17.928>: [Info] (AZCore): [StackConfig] Querying "remoteCfg.public.WorldId" remote config. S3 key: "applications/public/configuration-sets/WorldId/eacab29f-f0eb-43b4-84ed-91c4861aefc0/versionless"
<2026-04-17 06:19:18.457>: [Info] (AZCore): [StackConfig] Retrieved layer's "remoteCfg.public.WorldId" remote config, with S3 key: "applications/public/configuration-sets/WorldId/eacab29f-f0eb-43b4-84ed-91c4861aefc0/versionless" successfully, size: 2

<2026-04-17 06:19:18.458>: [Info] (AZCore): [GameConnection] Update state WaitingForRemoteConfigClass to new state QueryForRemoteConfigClass
<2026-04-17 06:19:18.464>: [Info] (AZCore): [CMS] Loading CMS File: H:/SteamLibrary/steamapps/common/New World/Assets/news_stories.json
<2026-04-17 06:19:18.464>: [Info] (AZCore): [CMS] Loading CMS HTTP Request URL: https://d1hkbwzm1bktgo.cloudfront.net/newsstories/STEAM_APP_ID.1063730/metadata.json
<2026-04-17 06:19:18.467>: [Info] (AZCore): [StackConfig] LayerS3(): layer's "remoteCfg.public.WorldIdv" S3 key (old: ""), reset to new value: "applications/public/configuration-sets/WorldId/eacab29f-f0eb-43b4-84ed-91c4861aefc0/6031;6004151"
<2026-04-17 06:19:18.473>: [Info] (AZCore): [GameConnection] Update state QueryForRemoteConfigClass to new state WaitingForRemoteConfigClass
<2026-04-17 06:19:18.474>: [Info] (AZCore): [StackConfig] Querying "remoteCfg.public.WorldIdv" remote config. S3 key: "applications/public/configuration-sets/WorldId/eacab29f-f0eb-43b4-84ed-91c4861aefc0/6031;6004151"
<2026-04-17 06:19:18.607>: [Info] (AZCore): [GameConnection] Update state WaitingForRemoteConfigClass to new state QueryForRemoteConfigClass
<2026-04-17 06:19:18.616>: [Info] (AZCore): [StackConfig] LayerS3(): layer's "remoteCfg.publicGameplay.WorldId" S3 key (old: ""), reset to new value: "applications/publicGameplay/configuration-sets/WorldId/eacab29f-f0eb-43b4-84ed-91c4861aefc0/versionless"
<2026-04-17 06:19:18.628>: [Info] (AZCore): [GameConnection] Update state QueryForRemoteConfigClass to new state WaitingForRemoteConfigClass
<2026-04-17 06:19:18.628>: [Info] (AZCore): [StackConfig] Querying "remoteCfg.publicGameplay.WorldId" remote config. S3 key: "applications/publicGameplay/configuration-sets/WorldId/eacab29f-f0eb-43b4-84ed-91c4861aefc0/versionless"
<2026-04-17 06:19:18.765>: [Info] (AZCore): [StackConfig] Retrieved layer's "remoteCfg.publicGameplay.WorldId" remote config, with S3 key: "applications/publicGameplay/configuration-sets/WorldId/eacab29f-f0eb-43b4-84ed-91c4861aefc0/versionless" successfully, size: 108

<2026-04-17 06:19:18.770>: [Info] (AZCore): [GameConnection] Update state WaitingForRemoteConfigClass to new state QueryForRemoteConfigClass
<2026-04-17 06:19:18.777>: [Info] (AZCore): [CMS] Loading CMS File: H:/SteamLibrary/steamapps/common/New World/Assets/news_stories.json
<2026-04-17 06:19:18.777>: [Info] (AZCore): [CMS] Loading CMS HTTP Request URL: https://d1hkbwzm1bktgo.cloudfront.net/newsstories/STEAM_APP_ID.1063730/metadata.json
<2026-04-17 06:19:18.780>: [Info] (AZCore): [StackConfig] LayerS3(): layer's "remoteCfg.publicGameplay.WorldIdv" S3 key (old: ""), reset to new value: "applications/publicGameplay/configuration-sets/WorldId/eacab29f-f0eb-43b4-84ed-91c4861aefc0/6031;6004151"
<2026-04-17 06:19:18.783>: [Info] (AZCore): [GameConnection] Update state QueryForRemoteConfigClass to new state WaitingForRemoteConfigClass
<2026-04-17 06:19:18.783>: [Info] (AZCore): [StackConfig] Querying "remoteCfg.publicGameplay.WorldIdv" remote config. S3 key: "applications/publicGameplay/configuration-sets/WorldId/eacab29f-f0eb-43b4-84ed-91c4861aefc0/6031;6004151"
<2026-04-17 06:19:18.919>: [Info] (AZCore): [GameConnection] Update state WaitingForRemoteConfigClass to new state QueryForRemoteConfigClass
<2026-04-17 06:19:18.928>: [Info] (AZCore): [GameConnection] Update state QueryForRemoteConfigClass to new state ObtainREPRequirements
<2026-04-17 06:19:18.935>: [Info] (AZCore): [GameConnection] Update state ObtainREPRequirements to new state StartREPConnection
<2026-04-17 06:19:18.944>: [Info] (AZCore): [GameConnection] GameConnectionWrapper: start REP connection RepAddress = 35.71.190.194:23971, worldId = eacab29f-f0eb-43b4-84ed-91c4861aefc0
<2026-04-17 06:19:18.967>: [Info] (AZCore): [GetLocalBindAddress] Binding to local interface: Ethernet 7 / 192.168.0.74
<2026-04-17 06:19:18.970>: [Info] (AZCore): [GameConnection] Update state StartREPConnection to new state WaitingForREPConnection
<2026-04-17 06:19:19.507>: [Info] (AZCore): [GameConnection] GameConnectionWrapper: REP socket connection established, now waiting to register
<2026-04-17 06:19:19.623>: [Info]: [WARNING] GameConnection: GameConnectionWrapper::OnLocalNetworkConnectionWarning countReceived: 1 {}
<2026-04-17 06:19:19.659>: [Info] (AZCore): [GameConnection] GameConnectionWrapper: received registration response from REP
<2026-04-17 06:19:19.659>: [Info] (AZCore): [Game] LogEnvironmentString: Server version: [RETAIL].Javelin.1.400.6031.6004151
<2026-04-17 06:19:19.661>: [Info] (AZCore): [GameConnection] GameConnectionWrapper: start actor game connection
<2026-04-17 06:19:19.661>: [Info] (AZCore): [GameMessagePort] Reset
<2026-04-17 06:19:19.661>: [Info] (AZCore): [GameConnection] Update state WaitingForREPConnection to new state WaitingForActorGameConnection
<2026-04-17 06:19:19.812>: [Info] (AZCore): [GameConnection] GameConnectionWrapper: actor game connection succeeds
<2026-04-17 06:19:19.812>: [Info] (AZCore): [GameConnection] Initialize current retry count : 0
<2026-04-17 06:19:19.812>: [Info] (AZCore): [GameConnection] Update state WaitingForActorGameConnection to new state WaitingForSpawnPoint
<2026-04-17 06:19:19.820>: [Info] (AZCore): [GameConnection] GameConnectionWrapper: spawn point found
<2026-04-17 06:19:19.820>: [Info] (AZCore): [GameConnection] Update state WaitingForSpawnPoint to new state WaitingForPlayerSpawn
<2026-04-17 06:19:19.943>: [Info] (AZCore): [GameMessagePort] LevelInfoChanged
<2026-04-17 06:19:19.943>: [Info] (AZCore): [GameMessagePort] LevelInfoChanged m_clientContextInstanceId 0 changing to levelInfo.m_clientContextInstanceId 1
<2026-04-17 06:19:20.040>: [Info]: [WARNING] GameConnection: GameConnectionWrapper::OnRemoteNetworkConnectionWarning countReceived: 1 {}
<2026-04-17 06:19:20.145>: [Info]: [WARNING] GameConnection: GameConnectionWrapper::OnRemoteNetworkConnectionWarning countReceived: 2 {}
<2026-04-17 06:19:20.150>: [Info] (AZCore): [GameMessagePort] Calling clientContext->Initialize
<2026-04-17 06:19:20.150>: [Info] (AZCore): [ClientContext] Initialize()
<2026-04-17 06:19:20.150>: [Info] (AZCore): [ClientContext] Cleanup()
<2026-04-17 06:19:20.158>: [Info] (AZCore): [streamingGDEManager] Initialize()
<2026-04-17 06:19:20.160>: [Info] (AZCore): [AsyncMapUnload] Loading of map "NewWorld_VitaeEterna" deferred in order to async unload previous level "NW_Frontend_NightHaven": starting async unload...
<2026-04-17 06:19:20.167>: [Info] (AZCore): [AsyncMapUnload] Lumberyard Connection State: "WaitingForPlayerSpawn"
<2026-04-17 06:19:20.167>: [Info] (AZCore): [AsyncMapUnload] waiting... numJobs 0, AssetBus::context.m_queue.size(): 380, waitingRefs (from bus): 0
<2026-04-17 06:19:20.167>: [Info] (AZCore): [GameMessagePort] HandleUnexpectedMessage skipping ReceiveStateBundle for bundle message due to clientContext == nullptr
<2026-04-17 06:19:20.170>: [Info] (AZCore): [AsyncMapUnload] DONE waiting... numJobs 0, AssetBus::context.m_queue.size(): 0, waitingRefs (from bus): 0
<2026-04-17 06:19:20.170>: [Info] (AZCore): [AsyncMapUnload] ...allowing map change
<2026-04-17 06:19:20.170>: [Info]: ============================ Loading level NewWorld_VitaeEterna ============================
<2026-04-17 06:19:20.441>: [Info] (AZCore): [RenderThread] MakeMainContextActive
<2026-04-17 06:19:20.504>: [Info]: CGame::InitCoatlicueTerrain
<2026-04-17 06:19:20.505>: [Info] (AZCore): [GameMessagePort] ProcessPendingReliableMsgQueue processing 28 messages from m_pendingUnexpectedMsgs
<2026-04-17 06:19:20.505>: [Info]: [ERROR] RMIDispatch: The facet target ID couldn't be found when trying to dispatch the RMI message. {"targetLocalId":17453137958171709985,"messageType":"EventNotificationComponentClientFacet_SyncNotifications"}
<2026-04-17 06:19:20.505>: [Info]: [ERROR] RMIDispatch: The facet target ID couldn't be found when trying to dispatch the RMI message. {"targetLocalId":2832075650239171902,"messageType":"GridTrackingComponentClientFacet_UpdatePhasing"}
<2026-04-17 06:19:20.505>: [Info]: [ERROR] RMIDispatch: The facet target ID couldn't be found when trying to dispatch the RMI message. {"targetLocalId":12817785448420314232,"messageType":"GlobalStorageComponentClientFacet_ReceiveStorageSearchItems"}
<2026-04-17 06:19:20.505>: [Info]: [ERROR] RMIDispatch: The facet target ID couldn't be found when trying to dispatch the RMI message. {"targetLocalId":12817785448420314232,"messageType":"GlobalStorageComponentClientFacet_ReceiveStorageSearchItems"}
<2026-04-17 06:19:20.505>: [Info]: [ERROR] RMIDispatch: The facet target ID couldn't be found when trying to dispatch the RMI message. {"targetLocalId":12817785448420314232,"messageType":"GlobalStorageComponentClientFacet_ReceiveStorageSearchItems"}
<2026-04-17 06:19:20.505>: [Info]: [ERROR] RMIDispatch: The facet target ID couldn't be found when trying to dispatch the RMI message. {"targetLocalId":12817785448420314232,"messageType":"GlobalStorageComponentClientFacet_ReceiveStorageSearchItems"}
<2026-04-17 06:19:20.505>: [Info]: [ERROR] RMIDispatch: The facet target ID couldn't be found when trying to dispatch the RMI message. {"targetLocalId":12817785448420314232,"messageType":"GlobalStorageComponentClientFacet_ReceiveStorageSearchItems"}
<2026-04-17 06:19:20.505>: [Info]: [ERROR] RMIDispatch: The facet target ID couldn't be found when trying to dispatch the RMI message. {"targetLocalId":12817785448420314232,"messageType":"GlobalStorageComponentClientFacet_ReceiveStorageSearchItems"}
<2026-04-17 06:19:20.505>: [Info]: [ERROR] RMIDispatch: The facet target ID couldn't be found when trying to dispatch the RMI message. {"targetLocalId":12817785448420314232,"messageType":"GlobalStorageComponentClientFacet_ReceiveStorageSearchItems"}
<2026-04-17 06:19:20.505>: [Info]: [ERROR] RMIDispatch: The facet target ID couldn't be found when trying to dispatch the RMI message. {"targetLocalId":12817785448420314232,"messageType":"GlobalStorageComponentClientFacet_ReceiveStorageSearchItems"}
<2026-04-17 06:19:20.505>: [Info]: [ERROR] RMIDispatch: The facet target ID couldn't be found when trying to dispatch the RMI message. {"targetLocalId":12817785448420314232,"messageType":"GlobalStorageComponentClientFacet_ReceiveStorageSearchItems"}
<2026-04-17 06:19:20.505>: [Info]: [ERROR] RMIDispatch: The facet target ID couldn't be found when trying to dispatch the RMI message. {"targetLocalId":12817785448420314232,"messageType":"GlobalStorageComponentClientFacet_ReceiveStorageSearchItems"}
<2026-04-17 06:19:20.505>: [Info]: [ERROR] RMIDispatch: The facet target ID couldn't be found when trying to dispatch the RMI message. {"targetLocalId":12817785448420314232,"messageType":"GlobalStorageComponentClientFacet_ReceiveStorageSearchItems"}
<2026-04-17 06:19:20.505>: [Info]: [ERROR] RMIDispatch: The facet target ID couldn't be found when trying to dispatch the RMI message. {"targetLocalId":12817785448420314232,"messageType":"GlobalStorageComponentClientFacet_ReceiveStorageSearchItems"}
<2026-04-17 06:19:20.505>: [Info]: [ERROR] RMIDispatch: The facet target ID couldn't be found when trying to dispatch the RMI message. {"targetLocalId":12817785448420314232,"messageType":"GlobalStorageComponentClientFacet_ReceiveStorageSearchItems"}
<2026-04-17 06:19:20.505>: [Info]: [ERROR] RMIDispatch: The facet target ID couldn't be found when trying to dispatch the RMI message. {"targetLocalId":12817785448420314232,"messageType":"GlobalStorageComponentClientFacet_ReceiveStorageSearchItems"}
<2026-04-17 06:19:20.505>: [Info]: [ERROR] RMIDispatch: The facet target ID couldn't be found when trying to dispatch the RMI message. {"targetLocalId":12817785448420314232,"messageType":"GlobalStorageComponentClientFacet_ReceiveStorageSearchItems"}
<2026-04-17 06:19:20.505>: [Info]: [ERROR] RMIDispatch: The facet target ID couldn't be found when trying to dispatch the RMI message. {"targetLocalId":12817785448420314232,"messageType":"GlobalStorageComponentClientFacet_ReceiveStorageSearchItems"}
<2026-04-17 06:19:20.505>: [Info]: [ERROR] RMIDispatch: The facet target ID couldn't be found when trying to dispatch the RMI message. {"targetLocalId":12817785448420314232,"messageType":"GlobalStorageComponentClientFacet_ReceiveStorageSearchItems"}
<2026-04-17 06:19:20.505>: [Info]: [ERROR] RMIDispatch: The facet target ID couldn't be found when trying to dispatch the RMI message. {"targetLocalId":12817785448420314232,"messageType":"GlobalStorageComponentClientFacet_ReceiveStorageSearchItems"}
<2026-04-17 06:19:20.505>: [Info]: [ERROR] RMIDispatch: The facet target ID couldn't be found when trying to dispatch the RMI message. {"targetLocalId":12817785448420314232,"messageType":"GlobalStorageComponentClientFacet_ReceiveStorageSearchItems"}
<2026-04-17 06:19:20.505>: [Info]: [ERROR] RMIDispatch: The facet target ID couldn't be found when trying to dispatch the RMI message. {"targetLocalId":12817785448420314232,"messageType":"GlobalStorageComponentClientFacet_ReceiveStorageSearchItems"}
<2026-04-17 06:19:20.505>: [Info]: [ERROR] RMIDispatch: The facet target ID couldn't be found when trying to dispatch the RMI message. {"targetLocalId":12817785448420314232,"messageType":"GlobalStorageComponentClientFacet_ReceiveStorageSearchItems"}
<2026-04-17 06:19:20.505>: [Info]: [ERROR] RMIDispatch: The facet target ID couldn't be found when trying to dispatch the RMI message. {"targetLocalId":12817785448420314232,"messageType":"GlobalStorageComponentClientFacet_ReceiveStorageSearchItems"}
<2026-04-17 06:19:20.505>: [Info]: [ERROR] RMIDispatch: The facet target ID couldn't be found when trying to dispatch the RMI message. {"targetLocalId":12817785448420314232,"messageType":"GlobalStorageComponentClientFacet_ReceiveStorageSearchItems"}
<2026-04-17 06:19:20.505>: [Info]: [ERROR] RMIDispatch: The facet target ID couldn't be found when trying to dispatch the RMI message. {"targetLocalId":8929799243340269636,"messageType":"GameModeParticipantComponentClientFacet_OnLeftQueueForGameModeMsg"}
<2026-04-17 06:19:20.505>: [Info]: [ERROR] RMIDispatch: The facet target ID couldn't be found when trying to dispatch the RMI message. {"targetLocalId":2832075650239171902,"messageType":"GridTrackingComponentClientFacet_UpdatePhasing"}
<2026-04-17 06:19:20.790>: [Info] (AZCore): [GDERenderManager] Init()
<2026-04-17 06:19:20.811>: [Info] (AZCore): [Game] LogEnvironmentString: Player Name: NoxJ
<2026-04-17 06:19:20.811>: [Info] (AZCore): [Game] LogEnvironmentString: Player Actor: 6489497BC0D106EE0A6B235BB439259A
<2026-04-17 06:19:20.843>: [Info]: [Vivox] VoiceChatSystemComponent: invalid input device id {0.0.1.00000000}.{138487fa-7a06-456b-a42c-48dadfaf742f}
<2026-04-17 06:19:20.843>: [Info]: [Vivox] VoiceChatSystemComponent: invalid output device id {0.0.0.00000000}.{99d501b3-0e8c-42d4-8bbd-9c4b297e3481}
<2026-04-17 06:19:20.843>: [Info]: SerializeOptions: Saving to @savedata@/temp_usersettings_37ccbd7ffd92a332.javsave
<2026-04-17 06:19:20.845>: [Info]: SerializeOptions: Success
<2026-04-17 06:19:20.845>: [Info]: SerializeOptions: Moving to @savedata@/usersettings_37ccbd7ffd92a332.javsave
<2026-04-17 06:19:20.848>: [Info] (AZCore): [GameConnection] GameConnectionWrapper: player spawn succeeds, in game
<2026-04-17 06:19:20.848>: [Info] (AZCore): [GameConnection] Update state WaitingForPlayerSpawn to new state InGame
<2026-04-17 06:19:20.848>: [Info] (AZCore): [Game] JavelinGame::OnConnectionSucceed
<2026-04-17 06:19:21.216>: [Info]: [Vivox] VoiceChatSystemComponent: connected to server
<2026-04-17 06:19:21.247>: [Info]: [Vivox] VoiceChatSystemComponent: invalid input device id {0.0.1.00000000}.{138487fa-7a06-456b-a42c-48dadfaf742f}
<2026-04-17 06:19:21.247>: [Info]: [Vivox] VoiceChatSystemComponent: invalid output device id {0.0.0.00000000}.{99d501b3-0e8c-42d4-8bbd-9c4b297e3481}
<2026-04-17 06:19:21.247>: [Info]: SerializeOptions: Saving to @savedata@/temp_usersettings_37ccbd7ffd92a332.javsave
<2026-04-17 06:19:21.250>: [Info]: SerializeOptions: Success
<2026-04-17 06:19:21.250>: [Info]: SerializeOptions: Moving to @savedata@/usersettings_37ccbd7ffd92a332.javsave
<2026-04-17 06:19:21.252>: [Info]: [Vivox] VoiceChatSystemComponent: invalid input device id {0.0.1.00000000}.{138487fa-7a06-456b-a42c-48dadfaf742f}
<2026-04-17 06:19:21.252>: [Info]: [Vivox] VoiceChatSystemComponent: invalid output device id {0.0.0.00000000}.{99d501b3-0e8c-42d4-8bbd-9c4b297e3481}
<2026-04-17 06:19:21.253>: [Info]: SerializeOptions: Saving to @savedata@/temp_usersettings_37ccbd7ffd92a332.javsave
<2026-04-17 06:19:21.255>: [Info]: SerializeOptions: Success
<2026-04-17 06:19:21.255>: [Info]: SerializeOptions: Moving to @savedata@/usersettings_37ccbd7ffd92a332.javsave
<2026-04-17 06:19:21.257>: [Info]: [Vivox] VoiceChatSystemComponent: invalid input device id {0.0.1.00000000}.{138487fa-7a06-456b-a42c-48dadfaf742f}
<2026-04-17 06:19:21.257>: [Info]: [Vivox] VoiceChatSystemComponent: invalid output device id {0.0.0.00000000}.{99d501b3-0e8c-42d4-8bbd-9c4b297e3481}
<2026-04-17 06:19:21.257>: [Info]: SerializeOptions: Saving to @savedata@/temp_usersettings_37ccbd7ffd92a332.javsave
<2026-04-17 06:19:21.261>: [Info]: SerializeOptions: Success
<2026-04-17 06:19:21.261>: [Info]: SerializeOptions: Moving to @savedata@/usersettings_37ccbd7ffd92a332.javsave
<2026-04-17 06:19:21.262>: [Info]: [Vivox] VoiceChatSystemComponent: invalid input device id {0.0.1.00000000}.{138487fa-7a06-456b-a42c-48dadfaf742f}
<2026-04-17 06:19:21.262>: [Info]: [Vivox] VoiceChatSystemComponent: invalid output device id {0.0.0.00000000}.{99d501b3-0e8c-42d4-8bbd-9c4b297e3481}
<2026-04-17 06:19:21.263>: [Info]: SerializeOptions: Saving to @savedata@/temp_usersettings_37ccbd7ffd92a332.javsave
<2026-04-17 06:19:21.267>: [Info]: SerializeOptions: Success
<2026-04-17 06:19:21.267>: [Info]: SerializeOptions: Moving to @savedata@/usersettings_37ccbd7ffd92a332.javsave
<2026-04-17 06:19:21.269>: [Info]: [Vivox] VoiceChatSystemComponent: invalid input device id {0.0.1.00000000}.{138487fa-7a06-456b-a42c-48dadfaf742f}
<2026-04-17 06:19:21.269>: [Info]: [Vivox] VoiceChatSystemComponent: invalid output device id {0.0.0.00000000}.{99d501b3-0e8c-42d4-8bbd-9c4b297e3481}
<2026-04-17 06:19:21.269>: [Info]: SerializeOptions: Saving to @savedata@/temp_usersettings_37ccbd7ffd92a332.javsave
<2026-04-17 06:19:21.273>: [Info]: SerializeOptions: Success
<2026-04-17 06:19:21.273>: [Info]: SerializeOptions: Moving to @savedata@/usersettings_37ccbd7ffd92a332.javsave
<2026-04-17 06:19:21.277>: [Info]: [Vivox] VoiceChatSystemComponent: invalid input device id {0.0.1.00000000}.{138487fa-7a06-456b-a42c-48dadfaf742f}
<2026-04-17 06:19:21.277>: [Info]: [Vivox] VoiceChatSystemComponent: invalid output device id {0.0.0.00000000}.{99d501b3-0e8c-42d4-8bbd-9c4b297e3481}
<2026-04-17 06:19:21.277>: [Info]: SerializeOptions: Saving to @savedata@/temp_usersettings_37ccbd7ffd92a332.javsave
<2026-04-17 06:19:21.280>: [Info]: SerializeOptions: Success
<2026-04-17 06:19:21.280>: [Info]: SerializeOptions: Moving to @savedata@/usersettings_37ccbd7ffd92a332.javsave
<2026-04-17 06:19:21.283>: [Info]: [Vivox] VoiceChatSystemComponent: invalid input device id {0.0.1.00000000}.{138487fa-7a06-456b-a42c-48dadfaf742f}
<2026-04-17 06:19:21.283>: [Info]: [Vivox] VoiceChatSystemComponent: invalid output device id {0.0.0.00000000}.{99d501b3-0e8c-42d4-8bbd-9c4b297e3481}
<2026-04-17 06:19:21.283>: [Info]: SerializeOptions: Saving to @savedata@/temp_usersettings_37ccbd7ffd92a332.javsave
<2026-04-17 06:19:21.286>: [Info]: SerializeOptions: Success
<2026-04-17 06:19:21.286>: [Info]: SerializeOptions: Moving to @savedata@/usersettings_37ccbd7ffd92a332.javsave
<2026-04-17 06:19:21.288>: [Info]: [Vivox] VoiceChatSystemComponent: invalid input device id {0.0.1.00000000}.{138487fa-7a06-456b-a42c-48dadfaf742f}
<2026-04-17 06:19:21.288>: [Info]: [Vivox] VoiceChatSystemComponent: invalid output device id {0.0.0.00000000}.{99d501b3-0e8c-42d4-8bbd-9c4b297e3481}
<2026-04-17 06:19:21.288>: [Info]: SerializeOptions: Saving to @savedata@/temp_usersettings_37ccbd7ffd92a332.javsave
<2026-04-17 06:19:21.292>: [Info]: SerializeOptions: Success
<2026-04-17 06:19:21.292>: [Info]: SerializeOptions: Moving to @savedata@/usersettings_37ccbd7ffd92a332.javsave
<2026-04-17 06:19:21.294>: [Info]: [Vivox] VoiceChatSystemComponent: invalid input device id {0.0.1.00000000}.{138487fa-7a06-456b-a42c-48dadfaf742f}
<2026-04-17 06:19:21.294>: [Info]: [Vivox] VoiceChatSystemComponent: invalid output device id {0.0.0.00000000}.{99d501b3-0e8c-42d4-8bbd-9c4b297e3481}
<2026-04-17 06:19:21.294>: [Info]: SerializeOptions: Saving to @savedata@/temp_usersettings_37ccbd7ffd92a332.javsave
<2026-04-17 06:19:21.298>: [Info]: SerializeOptions: Success
<2026-04-17 06:19:21.298>: [Info]: SerializeOptions: Moving to @savedata@/usersettings_37ccbd7ffd92a332.javsave
<2026-04-17 06:19:21.300>: [Info]: [Vivox] VoiceChatSystemComponent: invalid input device id {0.0.1.00000000}.{138487fa-7a06-456b-a42c-48dadfaf742f}
<2026-04-17 06:19:21.300>: [Info]: [Vivox] VoiceChatSystemComponent: invalid output device id {0.0.0.00000000}.{99d501b3-0e8c-42d4-8bbd-9c4b297e3481}
<2026-04-17 06:19:21.300>: [Info]: SerializeOptions: Saving to @savedata@/temp_usersettings_37ccbd7ffd92a332.javsave
<2026-04-17 06:19:21.303>: [Info]: SerializeOptions: Success
<2026-04-17 06:19:21.303>: [Info]: SerializeOptions: Moving to @savedata@/usersettings_37ccbd7ffd92a332.javsave
<2026-04-17 06:19:21.305>: [Info]: [Vivox] VoiceChatSystemComponent: invalid input device id {0.0.1.00000000}.{138487fa-7a06-456b-a42c-48dadfaf742f}
<2026-04-17 06:19:21.305>: [Info]: [Vivox] VoiceChatSystemComponent: invalid output device id {0.0.0.00000000}.{99d501b3-0e8c-42d4-8bbd-9c4b297e3481}
<2026-04-17 06:19:21.305>: [Info]: SerializeOptions: Saving to @savedata@/temp_usersettings_37ccbd7ffd92a332.javsave
<2026-04-17 06:19:21.307>: [Info]: SerializeOptions: Success
<2026-04-17 06:19:21.307>: [Info]: SerializeOptions: Moving to @savedata@/usersettings_37ccbd7ffd92a332.javsave
<2026-04-17 06:19:21.309>: [Info]: [Vivox] VoiceChatSystemComponent: invalid input device id {0.0.1.00000000}.{138487fa-7a06-456b-a42c-48dadfaf742f}
<2026-04-17 06:19:21.309>: [Info]: [Vivox] VoiceChatSystemComponent: invalid output device id {0.0.0.00000000}.{99d501b3-0e8c-42d4-8bbd-9c4b297e3481}
<2026-04-17 06:19:21.309>: [Info]: SerializeOptions: Saving to @savedata@/temp_usersettings_37ccbd7ffd92a332.javsave
<2026-04-17 06:19:21.312>: [Info]: SerializeOptions: Success
<2026-04-17 06:19:21.312>: [Info]: SerializeOptions: Moving to @savedata@/usersettings_37ccbd7ffd92a332.javsave
<2026-04-17 06:19:21.313>: [Info]: [Vivox] VoiceChatSystemComponent: invalid input device id {0.0.1.00000000}.{138487fa-7a06-456b-a42c-48dadfaf742f}
<2026-04-17 06:19:21.313>: [Info]: [Vivox] VoiceChatSystemComponent: invalid output device id {0.0.0.00000000}.{99d501b3-0e8c-42d4-8bbd-9c4b297e3481}
<2026-04-17 06:19:21.314>: [Info]: SerializeOptions: Saving to @savedata@/temp_usersettings_37ccbd7ffd92a332.javsave
<2026-04-17 06:19:21.316>: [Info]: SerializeOptions: Success
<2026-04-17 06:19:21.316>: [Info]: SerializeOptions: Moving to @savedata@/usersettings_37ccbd7ffd92a332.javsave
<2026-04-17 06:19:21.350>: [Info]: [Vivox] VoiceChatClientState: Attempting login as '.amazon9050-ne83.500d3986-4b74-48d4-8ee3-8dafb5d9d780+B.'...
<2026-04-17 06:19:21.449>: [Info]: [WARNING] Slice: Couldn't get Transform component on the slice! {"sliceName":"slices/remoteplayer.dynamicslice","sliceAssetId":"A660EEEB-EBC7-5CB7-BE6B-AB11EB831731:64","sliceAssetHint":"slices/remoteplayer.dynamicslice"}
<2026-04-17 06:19:21.449>: [Info]: [WARNING] Slice: Couldn't get Transform component on the slice! {"sliceName":"slices/remoteplayer.dynamicslice","sliceAssetId":"A660EEEB-EBC7-5CB7-BE6B-AB11EB831731:64","sliceAssetHint":"slices/remoteplayer.dynamicslice"}
<2026-04-17 06:19:21.449>: [Info]: [WARNING] Slice: Couldn't get Transform component on the slice! {"sliceName":"slices/remoteplayer.dynamicslice","sliceAssetId":"A660EEEB-EBC7-5CB7-BE6B-AB11EB831731:64","sliceAssetHint":"slices/remoteplayer.dynamicslice"}
<2026-04-17 06:19:21.449>: [Info]: [WARNING] Slice: Couldn't get Transform component on the slice! {"sliceName":"slices/remoteplayer.dynamicslice","sliceAssetId":"A660EEEB-EBC7-5CB7-BE6B-AB11EB831731:64","sliceAssetHint":"slices/remoteplayer.dynamicslice"}
<2026-04-17 06:19:21.449>: [Info]: [WARNING] Slice: Couldn't get Transform component on the slice! {"sliceName":"slices/remoteplayer.dynamicslice","sliceAssetId":"A660EEEB-EBC7-5CB7-BE6B-AB11EB831731:64","sliceAssetHint":"slices/remoteplayer.dynamicslice"}
<2026-04-17 06:19:21.449>: [Info]: [WARNING] Slice: Couldn't get Transform component on the slice! {"sliceName":"slices/remoteplayer.dynamicslice","sliceAssetId":"A660EEEB-EBC7-5CB7-BE6B-AB11EB831731:64","sliceAssetHint":"slices/remoteplayer.dynamicslice"}
<2026-04-17 06:19:21.449>: [Info]: [WARNING] Slice: Couldn't get Transform component on the slice! {"sliceName":"slices/remoteplayer.dynamicslice","sliceAssetId":"A660EEEB-EBC7-5CB7-BE6B-AB11EB831731:64","sliceAssetHint":"slices/remoteplayer.dynamicslice"}
<2026-04-17 06:19:21.449>: [Info]: [WARNING] Slice: Couldn't get Transform component on the slice! {"sliceName":"slices/remoteplayer.dynamicslice","sliceAssetId":"A660EEEB-EBC7-5CB7-BE6B-AB11EB831731:64","sliceAssetHint":"slices/remoteplayer.dynamicslice"}
<2026-04-17 06:19:21.449>: [Info]: [WARNING] Slice: Couldn't get Transform component on the slice! {"sliceName":"slices/remoteplayer.dynamicslice","sliceAssetId":"A660EEEB-EBC7-5CB7-BE6B-AB11EB831731:64","sliceAssetHint":"slices/remoteplayer.dynamicslice"}
<2026-04-17 06:19:21.449>: [Info]: [WARNING] Slice: Couldn't get Transform component on the slice! {"sliceName":"slices/remoteplayer.dynamicslice","sliceAssetId":"A660EEEB-EBC7-5CB7-BE6B-AB11EB831731:64","sliceAssetHint":"slices/remoteplayer.dynamicslice"}
<2026-04-17 06:19:21.449>: [Info]: [WARNING] Slice: Couldn't get Transform component on the slice! {"sliceName":"slices/remoteplayer.dynamicslice","sliceAssetId":"A660EEEB-EBC7-5CB7-BE6B-AB11EB831731:64","sliceAssetHint":"slices/remoteplayer.dynamicslice"}
<2026-04-17 06:19:21.449>: [Info]: [WARNING] Slice: Couldn't get Transform component on the slice! {"sliceName":"slices/remoteplayer.dynamicslice","sliceAssetId":"A660EEEB-EBC7-5CB7-BE6B-AB11EB831731:64","sliceAssetHint":"slices/remoteplayer.dynamicslice"}
<2026-04-17 06:19:21.449>: [Info]: [WARNING] Slice: Couldn't get Transform component on the slice! {"sliceName":"slices/remoteplayer.dynamicslice","sliceAssetId":"A660EEEB-EBC7-5CB7-BE6B-AB11EB831731:64","sliceAssetHint":"slices/remoteplayer.dynamicslice"}
<2026-04-17 06:19:21.449>: [Info]: [WARNING] Slice: Couldn't get Transform component on the slice! {"sliceName":"slices/remoteplayer.dynamicslice","sliceAssetId":"A660EEEB-EBC7-5CB7-BE6B-AB11EB831731:64","sliceAssetHint":"slices/remoteplayer.dynamicslice"}
<2026-04-17 06:19:21.449>: [Info]: [WARNING] Slice: Couldn't get Transform component on the slice! {"sliceName":"slices/remoteplayer.dynamicslice","sliceAssetId":"A660EEEB-EBC7-5CB7-BE6B-AB11EB831731:64","sliceAssetHint":"slices/remoteplayer.dynamicslice"}
<2026-04-17 06:19:21.449>: [Info]: [WARNING] Slice: Couldn't get Transform component on the slice! {"sliceName":"slices/remoteplayer.dynamicslice","sliceAssetId":"A660EEEB-EBC7-5CB7-BE6B-AB11EB831731:64","sliceAssetHint":"slices/remoteplayer.dynamicslice"}
<2026-04-17 06:19:21.449>: [Info]: [WARNING] Slice: Couldn't get Transform component on the slice! {"sliceName":"slices/remoteplayer.dynamicslice","sliceAssetId":"A660EEEB-EBC7-5CB7-BE6B-AB11EB831731:64","sliceAssetHint":"slices/remoteplayer.dynamicslice"}
<2026-04-17 06:19:21.449>: [Info]: [WARNING] Slice: Couldn't get Transform component on the slice! {"sliceName":"slices/remoteplayer.dynamicslice","sliceAssetId":"A660EEEB-EBC7-5CB7-BE6B-AB11EB831731:64","sliceAssetHint":"slices/remoteplayer.dynamicslice"}
<2026-04-17 06:19:21.449>: [Info]: [WARNING] Slice: Couldn't get Transform component on the slice! {"sliceName":"slices/remoteplayer.dynamicslice","sliceAssetId":"A660EEEB-EBC7-5CB7-BE6B-AB11EB831731:64","sliceAssetHint":"slices/remoteplayer.dynamicslice"}
<2026-04-17 06:19:21.449>: [Info]: [WARNING] Slice: Couldn't get Transform component on the slice! {"sliceName":"slices/remoteplayer.dynamicslice","sliceAssetId":"A660EEEB-EBC7-5CB7-BE6B-AB11EB831731:64","sliceAssetHint":"slices/remoteplayer.dynamicslice"}
<2026-04-17 06:19:21.449>: [Info]: [WARNING] Slice: Couldn't get Transform component on the slice! {"sliceName":"slices/remoteplayer.dynamicslice","sliceAssetId":"A660EEEB-EBC7-5CB7-BE6B-AB11EB831731:64","sliceAssetHint":"slices/remoteplayer.dynamicslice"}
<2026-04-17 06:19:21.449>: [Info]: [WARNING] Slice: Couldn't get Transform component on the slice! {"sliceName":"slices/remoteplayer.dynamicslice","sliceAssetId":"A660EEEB-EBC7-5CB7-BE6B-AB11EB831731:64","sliceAssetHint":"slices/remoteplayer.dynamicslice"}
<2026-04-17 06:19:21.449>: [Info]: [WARNING] Slice: Couldn't get Transform component on the slice! {"sliceName":"slices/remoteplayer.dynamicslice","sliceAssetId":"A660EEEB-EBC7-5CB7-BE6B-AB11EB831731:64","sliceAssetHint":"slices/remoteplayer.dynamicslice"}
<2026-04-17 06:19:21.449>: [Info]: [WARNING] Slice: Couldn't get Transform component on the slice! {"sliceName":"slices/remoteplayer.dynamicslice","sliceAssetId":"A660EEEB-EBC7-5CB7-BE6B-AB11EB831731:64","sliceAssetHint":"slices/remoteplayer.dynamicslice"}
<2026-04-17 06:19:21.449>: [Info]: [WARNING] Slice: Couldn't get Transform component on the slice! {"sliceName":"slices/remoteplayer.dynamicslice","sliceAssetId":"A660EEEB-EBC7-5CB7-BE6B-AB11EB831731:64","sliceAssetHint":"slices/remoteplayer.dynamicslice"}
<2026-04-17 06:19:21.449>: [Info]: [WARNING] Slice: Couldn't get Transform component on the slice! {"sliceName":"slices/remoteplayer.dynamicslice","sliceAssetId":"A660EEEB-EBC7-5CB7-BE6B-AB11EB831731:64","sliceAssetHint":"slices/remoteplayer.dynamicslice"}
<2026-04-17 06:19:21.987>: [Info]: [Vivox] VoiceChatSystemComponent: invalid input device id {0.0.1.00000000}.{138487fa-7a06-456b-a42c-48dadfaf742f}
<2026-04-17 06:19:21.987>: [Info]: [Vivox] VoiceChatSystemComponent: invalid output device id {0.0.0.00000000}.{99d501b3-0e8c-42d4-8bbd-9c4b297e3481}
<2026-04-17 06:19:21.987>: [Info]: SerializeOptions: Saving to @savedata@/temp_usersettings_37ccbd7ffd92a332.javsave
<2026-04-17 06:19:21.991>: [Info]: SerializeOptions: Success
<2026-04-17 06:19:21.991>: [Info]: SerializeOptions: Moving to @savedata@/usersettings_37ccbd7ffd92a332.javsave
<2026-04-17 06:19:22.321>: [Info]: [Vivox] VoiceChatSystemComponent: logged in to server
<2026-04-17 06:19:22.465>: [Info]: [Vivox] VoiceChatClientState: joining new channel 'sip:confctl-d-amazon9050-ne83.017008_04bAtmyL0QwPHhvi9HajKMUQ_AMPF0IVLlMr4RyR9cfc@nwxp.vivox.com'
<2026-04-17 06:19:22.598>: [Info]: [WARNING] Physics: Sphere shape has non-uniform scale [0.630,0.630,0.585]~. Origin is Invisible Collision & Selection (Sphere) {}
<2026-04-17 06:19:22.599>: [Info]: [WARNING] Physics: Sphere shape has non-uniform scale [0.450,0.450,0.425]~. Origin is Invisible Collision & Selection (Sphere) {}
<2026-04-17 06:19:22.600>: [Info]: [WARNING] Physics: Sphere shape has non-uniform scale [0.450,0.450,0.425]~. Origin is Invisible Collision & Selection (Sphere) {}
<2026-04-17 06:19:22.604>: [Info]: [Vivox] VoiceChatClientState: Attempting to join 3d channel 'sip:confctl-d-amazon9050-ne83.017008_04bAtmyL0QwPHhvi9HajKMUQ_AMPF0IVLlMr4RyR9cfc@nwxp.vivox.com (017008_0)'...
<2026-04-17 06:19:23.244>: [Info]: [Vivox] VoiceChatSystemComponent: channel 'sip:confctl-d-amazon9050-ne83.017008_04bAtmyL0QwPHhvi9HajKMUQ_AMPF0IVLlMr4RyR9cfc@nwxp.vivox.com' joined
<2026-04-17 06:19:23.261>: [Info]: [Vivox] VoiceChatSystemComponent: transmitting only to sip:confctl-d-amazon9050-ne83.017008_04bAtmyL0QwPHhvi9HajKMUQ_AMPF0IVLlMr4RyR9cfc@nwxp.vivox.com
<2026-04-17 06:19:23.261>: [Info]: [Vivox] VoiceChatClientState: transmitting to sip:confctl-d-amazon9050-ne83.017008_04bAtmyL0QwPHhvi9HajKMUQ_AMPF0IVLlMr4RyR9cfc@nwxp.vivox.com
<2026-04-17 06:19:23.261>: [Info]: [Vivox] VoiceChatSystemComponent: setting specific channel transmission complete
<2026-04-17 06:19:23.293>: [Info]: [Vivox] VoiceChatClientState: joining new channel 'sip:confctl-d-amazon9050-ne83.016008_04bAtmyL0QwPHhvi9HajKMUQ_AMPF0IVLlMr4RyR9cfc@nwxp.vivox.com'
<2026-04-17 06:19:23.416>: [Info]: [Vivox] VoiceChatClientState: Attempting to join 3d channel 'sip:confctl-d-amazon9050-ne83.016008_04bAtmyL0QwPHhvi9HajKMUQ_AMPF0IVLlMr4RyR9cfc@nwxp.vivox.com (016008_0)'...
<2026-04-17 06:19:23.663>: [Info]: [Vivox] VoiceChatSystemComponent: invalid input device id {0.0.1.00000000}.{138487fa-7a06-456b-a42c-48dadfaf742f}
<2026-04-17 06:19:23.663>: [Info]: [Vivox] VoiceChatSystemComponent: invalid output device id {0.0.0.00000000}.{99d501b3-0e8c-42d4-8bbd-9c4b297e3481}
<2026-04-17 06:19:23.663>: [Info]: SerializeOptions: Saving to @savedata@/temp_usersettings_37ccbd7ffd92a332.javsave
<2026-04-17 06:19:23.665>: [Info]: SerializeOptions: Success
<2026-04-17 06:19:23.665>: [Info]: SerializeOptions: Moving to @savedata@/usersettings_37ccbd7ffd92a332.javsave
<2026-04-17 06:19:24.469>: [Info]: [Vivox] VoiceChatSystemComponent: setting specific channel transmission complete
<2026-04-17 06:19:24.932>: [Info]: [Vivox] VoiceChatSystemComponent: channel 'sip:confctl-d-amazon9050-ne83.016008_04bAtmyL0QwPHhvi9HajKMUQ_AMPF0IVLlMr4RyR9cfc@nwxp.vivox.com' joined
<2026-04-17 06:19:24.980>: [Info]: [Vivox] VoiceChatSystemComponent: removing transmission to 016008_0
<2026-04-17 06:19:24.980>: [Info]: [Vivox] VoiceChatClientState: transmitting to no channels
<2026-04-17 06:19:24.980>: [Info]: [Vivox] VoiceChatSystemComponent: transmitting only to sip:confctl-d-amazon9050-ne83.017008_04bAtmyL0QwPHhvi9HajKMUQ_AMPF0IVLlMr4RyR9cfc@nwxp.vivox.com
<2026-04-17 06:19:24.980>: [Info]: [Vivox] VoiceChatClientState: transmitting to sip:confctl-d-amazon9050-ne83.017008_04bAtmyL0QwPHhvi9HajKMUQ_AMPF0IVLlMr4RyR9cfc@nwxp.vivox.com
<2026-04-17 06:19:24.982>: [Info]: [Vivox] VoiceChatSystemComponent: setting specific channel transmission complete
<2026-04-17 06:19:25.030>: [Info] (AZCore): [GameMessagePort] LevelInfoChanged
<2026-04-17 06:19:25.041>: [Info]: [WARNING] Context: UpdateChildActorIdsForGDE exceeded max depth: 8 {"parentGde":"7435327951621470599","childGde":"10276828366006584463"}
<2026-04-17 06:19:25.041>: [Info]: [WARNING] Context: UpdateChildActorIdsForGDE exceeded max depth: 8 {"parentGde":"7435327951621470599","childGde":"9431548767101613607"}
<2026-04-17 06:19:25.041>: [Info]: [WARNING] Context: UpdateChildActorIdsForGDE exceeded max depth: 8 {"parentGde":"7435327951621470599","childGde":"1720049394140879895"}
<2026-04-17 06:19:25.041>: [Info]: [WARNING] Context: UpdateChildActorIdsForGDE exceeded max depth: 8 {"parentGde":"7435327951621470599","childGde":"10546980962765302167"}
<2026-04-17 06:19:25.041>: [Info]: [WARNING] Context: UpdateChildActorIdsForGDE exceeded max depth: 8 {"parentGde":"7435327951621470599","childGde":"773991401560796527"}
<2026-04-17 06:19:25.041>: [Info]: [WARNING] Context: UpdateChildActorIdsForGDE exceeded max depth: 8 {"parentGde":"7435327951621470599","childGde":"14188401127341118335"}
<2026-04-17 06:19:25.041>: [Info]: [WARNING] Context: UpdateChildActorIdsForGDE exceeded max depth: 8 {"parentGde":"7435327951621470599","childGde":"11262999994482853943"}
<2026-04-17 06:19:25.041>: [Info]: [WARNING] Context: UpdateChildActorIdsForGDE exceeded max depth: 8 {"parentGde":"7435327951621470599","childGde":"10046634248448687383"}
<2026-04-17 06:19:25.041>: [Info]: [WARNING] Context: UpdateChildActorIdsForGDE exceeded max depth: 8 {"parentGde":"7435327951621470599","childGde":"8919938562745112407"}
<2026-04-17 06:19:25.105>: [Info]: [WARNING] Context: UpdateChildActorIdsForGDE exceeded max depth: 8 {"parentGde":"6108920033412999719","childGde":"4909249669626377295"}
<2026-04-17 06:19:25.105>: [Info]: [WARNING] Context: UpdateChildActorIdsForGDE exceeded max depth: 8 {"parentGde":"6108920033412999719","childGde":"11336333767980013335"}
<2026-04-17 06:19:25.105>: [Info]: [WARNING] Context: UpdateChildActorIdsForGDE exceeded max depth: 8 {"parentGde":"6108920033412999719","childGde":"1981892319636927079"}
<2026-04-17 06:19:25.105>: [Info]: [WARNING] Context: UpdateChildActorIdsForGDE exceeded max depth: 8 {"parentGde":"6108920033412999719","childGde":"9916979052266192135"}
<2026-04-17 06:19:25.105>: [Info]: [WARNING] Context: UpdateChildActorIdsForGDE exceeded max depth: 8 {"parentGde":"6108920033412999719","childGde":"6383598656406145767"}
<2026-04-17 06:19:25.106>: [Info]: [WARNING] Context: UpdateChildActorIdsForGDE exceeded max depth: 8 {"parentGde":"6108920033412999719","childGde":"2278713006410297743"}
<2026-04-17 06:19:25.106>: [Info]: [WARNING] Context: UpdateChildActorIdsForGDE exceeded max depth: 8 {"parentGde":"6108920033412999719","childGde":"11318081122492139199"}
<2026-04-17 06:19:25.106>: [Info]: [WARNING] Context: UpdateChildActorIdsForGDE exceeded max depth: 8 {"parentGde":"6108920033412999719","childGde":"2006662117541328015"}
<2026-04-17 06:19:25.106>: [Info]: [WARNING] Context: UpdateChildActorIdsForGDE exceeded max depth: 8 {"parentGde":"6108920033412999719","childGde":"10151439635768193935"}
<2026-04-17 06:19:25.106>: [Info]: [WARNING] Context: UpdateChildActorIdsForGDE exceeded max depth: 8 {"parentGde":"6108920033412999719","childGde":"1995403118474998111"}
<2026-04-17 06:19:25.106>: [Info]: [WARNING] Context: UpdateChildActorIdsForGDE exceeded max depth: 8 {"parentGde":"6108920033412999719","childGde":"10151430839691949215"}
<2026-04-17 06:19:25.191>: [Info]: [WARNING] Context: UpdateChildActorIdsForGDE exceeded max depth: 8 {"parentGde":"3641491151144765335","childGde":"16857329018379357247"}
<2026-04-17 06:19:25.191>: [Info]: [WARNING] Context: UpdateChildActorIdsForGDE exceeded max depth: 8 {"parentGde":"3641491151144765335","childGde":"14247452502619895207"}
<2026-04-17 06:19:25.191>: [Info]: [WARNING] Context: UpdateChildActorIdsForGDE exceeded max depth: 8 {"parentGde":"3641491151144765335","childGde":"2008911169404319399"}
<2026-04-17 06:19:25.191>: [Info]: [WARNING] Context: UpdateChildActorIdsForGDE exceeded max depth: 8 {"parentGde":"3641491151144765335","childGde":"1993157916551066223"}
<2026-04-17 06:19:25.191>: [Info]: [WARNING] Context: UpdateChildActorIdsForGDE exceeded max depth: 8 {"parentGde":"3641491151144765335","childGde":"17461182486208761647"}
<2026-04-17 06:19:25.191>: [Info]: [WARNING] Context: UpdateChildActorIdsForGDE exceeded max depth: 8 {"parentGde":"3641491151144765335","childGde":"15749505443296358991"}
<2026-04-17 06:19:25.191>: [Info]: [WARNING] Context: UpdateChildActorIdsForGDE exceeded max depth: 8 {"parentGde":"3641491151144765335","childGde":"7136038023611016495"}
<2026-04-17 06:19:25.823>: [Info]: [WARNING] Context: UpdateChildActorIdsForGDE exceeded max depth: 8 {"parentGde":"7435327951621470599","childGde":"8740522481063827999"}
<2026-04-17 06:19:25.823>: [Info]: [WARNING] Context: UpdateChildActorIdsForGDE exceeded max depth: 8 {"parentGde":"7435327951621470599","childGde":"10276828366006584463"}
<2026-04-17 06:19:25.823>: [Info]: [WARNING] Context: UpdateChildActorIdsForGDE exceeded max depth: 8 {"parentGde":"7435327951621470599","childGde":"10546980962765302167"}
<2026-04-17 06:19:25.823>: [Info]: [WARNING] Context: UpdateChildActorIdsForGDE exceeded max depth: 8 {"parentGde":"7435327951621470599","childGde":"773991401560796527"}
<2026-04-17 06:19:25.823>: [Info]: [WARNING] Context: UpdateChildActorIdsForGDE exceeded max depth: 8 {"parentGde":"7435327951621470599","childGde":"5334072859183375751"}
<2026-04-17 06:19:25.823>: [Info]: [WARNING] Context: UpdateChildActorIdsForGDE exceeded max depth: 8 {"parentGde":"7435327951621470599","childGde":"14188401127341118335"}
<2026-04-17 06:19:25.823>: [Info]: [WARNING] Context: UpdateChildActorIdsForGDE exceeded max depth: 8 {"parentGde":"7435327951621470599","childGde":"12771553942833241455"}
<2026-04-17 06:19:25.823>: [Info]: [WARNING] Context: UpdateChildActorIdsForGDE exceeded max depth: 8 {"parentGde":"7435327951621470599","childGde":"17165126972392029735"}
<2026-04-17 06:19:25.823>: [Info]: [WARNING] Context: UpdateChildActorIdsForGDE exceeded max depth: 8 {"parentGde":"7435327951621470599","childGde":"8919938562745112407"}
<2026-04-17 06:19:25.823>: [Info]: [WARNING] Context: UpdateChildActorIdsForGDE exceeded max depth: 8 {"parentGde":"7435327951621470599","childGde":"4780149843920550495"}
<2026-04-17 06:19:25.823>: [Info]: [WARNING] Context: UpdateChildActorIdsForGDE exceeded max depth: 8 {"parentGde":"7435327951621470599","childGde":"10078296057101686599"}
<2026-04-17 06:19:25.823>: [Info]: [WARNING] Context: UpdateChildActorIdsForGDE exceeded max depth: 8 {"parentGde":"7435327951621470599","childGde":"18059456129850761063"}
<2026-04-17 06:19:25.823>: [Info]: [WARNING] Context: UpdateChildActorIdsForGDE exceeded max depth: 8 {"parentGde":"7435327951621470599","childGde":"10525685930116440631"}
<2026-04-17 06:19:25.823>: [Info]: [WARNING] Context: UpdateChildActorIdsForGDE exceeded max depth: 8 {"parentGde":"7435327951621470599","childGde":"4595032492509820279"}
<2026-04-17 06:19:25.823>: [Info]: [WARNING] Context: UpdateChildActorIdsForGDE exceeded max depth: 8 {"parentGde":"7435327951621470599","childGde":"438108299590791215"}
<2026-04-17 06:19:25.823>: [Info]: [WARNING] Context: UpdateChildActorIdsForGDE exceeded max depth: 8 {"parentGde":"7435327951621470599","childGde":"4363622078773828207"}
<2026-04-17 06:19:25.823>: [Info]: [WARNING] Context: UpdateChildActorIdsForGDE exceeded max depth: 8 {"parentGde":"7435327951621470599","childGde":"9431548767101613607"}
<2026-04-17 06:19:25.823>: [Info]: [WARNING] Context: UpdateChildActorIdsForGDE exceeded max depth: 8 {"parentGde":"7435327951621470599","childGde":"17237499620692159303"}
<2026-04-17 06:19:25.823>: [Info]: [WARNING] Context: UpdateChildActorIdsForGDE exceeded max depth: 8 {"parentGde":"7435327951621470599","childGde":"1720049394140879895"}
<2026-04-17 06:19:25.823>: [Info]: [WARNING] Context: UpdateChildActorIdsForGDE exceeded max depth: 8 {"parentGde":"7435327951621470599","childGde":"2463775503607386863"}
<2026-04-17 06:19:25.823>: [Info]: [WARNING] Context: UpdateChildActorIdsForGDE exceeded max depth: 8 {"parentGde":"7435327951621470599","childGde":"18062853238747167383"}
<2026-04-17 06:19:25.823>: [Info]: [WARNING] Context: UpdateChildActorIdsForGDE exceeded max depth: 8 {"parentGde":"7435327951621470599","childGde":"11262999994482853943"}
<2026-04-17 06:19:25.823>: [Info]: [WARNING] Context: UpdateChildActorIdsForGDE exceeded max depth: 8 {"parentGde":"7435327951621470599","childGde":"2028310104302512447"}
<2026-04-17 06:19:25.823>: [Info]: [WARNING] Context: UpdateChildActorIdsForGDE exceeded max depth: 8 {"parentGde":"7435327951621470599","childGde":"10046634248448687383"}
<2026-04-17 06:19:25.823>: [Info]: [WARNING] Context: UpdateChildActorIdsForGDE exceeded max depth: 8 {"parentGde":"9423057934916594691","childGde":"9996698168691978159"}
<2026-04-17 06:19:25.823>: [Info]: [WARNING] Context: UpdateChildActorIdsForGDE exceeded max depth: 8 {"parentGde":"9423057934916594691","childGde":"1930258981771513495"}
<2026-04-17 06:19:25.823>: [Info]: [WARNING] Context: UpdateChildActorIdsForGDE exceeded max depth: 8 {"parentGde":"9423057934916594691","childGde":"2773705181839572239"}
<2026-04-17 06:19:25.823>: [Info]: [WARNING] Context: UpdateChildActorIdsForGDE exceeded max depth: 8 {"parentGde":"9423057934916594691","childGde":"17080224364389514383"}
<2026-04-17 06:19:25.823>: [Info]: [WARNING] Context: UpdateChildActorIdsForGDE exceeded max depth: 8 {"parentGde":"7435327951621470599","childGde":"8740522481063827999"}
<2026-04-17 06:19:25.823>: [Info]: [WARNING] Context: UpdateChildActorIdsForGDE exceeded max depth: 8 {"parentGde":"7435327951621470599","childGde":"10276828366006584463"}
<2026-04-17 06:19:25.823>: [Info]: [WARNING] Context: UpdateChildActorIdsForGDE exceeded max depth: 8 {"parentGde":"7435327951621470599","childGde":"10546980962765302167"}
<2026-04-17 06:19:25.823>: [Info]: [WARNING] Context: UpdateChildActorIdsForGDE exceeded max depth: 8 {"parentGde":"7435327951621470599","childGde":"773991401560796527"}
<2026-04-17 06:19:25.823>: [Info]: [WARNING] Context: UpdateChildActorIdsForGDE exceeded max depth: 8 {"parentGde":"7435327951621470599","childGde":"5334072859183375751"}
<2026-04-17 06:19:25.823>: [Info]: [WARNING] Context: UpdateChildActorIdsForGDE exceeded max depth: 8 {"parentGde":"7435327951621470599","childGde":"14188401127341118335"}
<2026-04-17 06:19:25.823>: [Info]: [WARNING] Context: UpdateChildActorIdsForGDE exceeded max depth: 8 {"parentGde":"7435327951621470599","childGde":"12771553942833241455"}
<2026-04-17 06:19:25.823>: [Info]: [WARNING] Context: UpdateChildActorIdsForGDE exceeded max depth: 8 {"parentGde":"7435327951621470599","childGde":"17165126972392029735"}
<2026-04-17 06:19:25.823>: [Info]: [WARNING] Context: UpdateChildActorIdsForGDE exceeded max depth: 8 {"parentGde":"7435327951621470599","childGde":"8919938562745112407"}
<2026-04-17 06:19:25.823>: [Info]: [WARNING] Context: UpdateChildActorIdsForGDE exceeded max depth: 8 {"parentGde":"7435327951621470599","childGde":"4780149843920550495"}
<2026-04-17 06:19:25.823>: [Info]: [WARNING] Context: UpdateChildActorIdsForGDE exceeded max depth: 8 {"parentGde":"7435327951621470599","childGde":"10078296057101686599"}
<2026-04-17 06:19:25.823>: [Info]: [WARNING] Context: UpdateChildActorIdsForGDE exceeded max depth: 8 {"parentGde":"7435327951621470599","childGde":"18059456129850761063"}
<2026-04-17 06:19:25.823>: [Info]: [WARNING] Context: UpdateChildActorIdsForGDE exceeded max depth: 8 {"parentGde":"7435327951621470599","childGde":"10525685930116440631"}
<2026-04-17 06:19:25.823>: [Info]: [WARNING] Context: UpdateChildActorIdsForGDE exceeded max depth: 8 {"parentGde":"7435327951621470599","childGde":"4595032492509820279"}
<2026-04-17 06:19:25.823>: [Info]: [WARNING] Context: UpdateChildActorIdsForGDE exceeded max depth: 8 {"parentGde":"7435327951621470599","childGde":"438108299590791215"}
<2026-04-17 06:19:25.823>: [Info]: [WARNING] Context: UpdateChildActorIdsForGDE exceeded max depth: 8 {"parentGde":"7435327951621470599","childGde":"4363622078773828207"}
<2026-04-17 06:19:25.823>: [Info]: [WARNING] Context: UpdateChildActorIdsForGDE exceeded max depth: 8 {"parentGde":"7435327951621470599","childGde":"9431548767101613607"}
<2026-04-17 06:19:25.823>: [Info]: [WARNING] Context: UpdateChildActorIdsForGDE exceeded max depth: 8 {"parentGde":"7435327951621470599","childGde":"17237499620692159303"}
<2026-04-17 06:19:25.823>: [Info]: [WARNING] Context: UpdateChildActorIdsForGDE exceeded max depth: 8 {"parentGde":"7435327951621470599","childGde":"1720049394140879895"}
<2026-04-17 06:19:25.823>: [Info]: [WARNING] Context: UpdateChildActorIdsForGDE exceeded max depth: 8 {"parentGde":"7435327951621470599","childGde":"2463775503607386863"}
<2026-04-17 06:19:25.823>: [Info]: [WARNING] Context: UpdateChildActorIdsForGDE exceeded max depth: 8 {"parentGde":"7435327951621470599","childGde":"18062853238747167383"}
<2026-04-17 06:19:25.823>: [Info]: [WARNING] Context: UpdateChildActorIdsForGDE exceeded max depth: 8 {"parentGde":"7435327951621470599","childGde":"11262999994482853943"}
<2026-04-17 06:19:25.823>: [Info]: [WARNING] Context: UpdateChildActorIdsForGDE exceeded max depth: 8 {"parentGde":"7435327951621470599","childGde":"2028310104302512447"}
<2026-04-17 06:19:25.823>: [Info]: [WARNING] Context: UpdateChildActorIdsForGDE exceeded max depth: 8 {"parentGde":"7435327951621470599","childGde":"10046634248448687383"}
<2026-04-17 06:19:25.823>: [Info]: [WARNING] Context: UpdateChildActorIdsForGDE exceeded max depth: 8 {"parentGde":"9423057934916594691","childGde":"9996698168691978159"}
<2026-04-17 06:19:25.823>: [Info]: [WARNING] Context: UpdateChildActorIdsForGDE exceeded max depth: 8 {"parentGde":"9423057934916594691","childGde":"1930258981771513495"}
<2026-04-17 06:19:25.823>: [Info]: [WARNING] Context: UpdateChildActorIdsForGDE exceeded max depth: 8 {"parentGde":"9423057934916594691","childGde":"2773705181839572239"}
<2026-04-17 06:19:25.823>: [Info]: [WARNING] Context: UpdateChildActorIdsForGDE exceeded max depth: 8 {"parentGde":"9423057934916594691","childGde":"17080224364389514383"}
<2026-04-17 06:19:25.844>: [Info]: [WARNING] Context: UpdateChildActorIdsForGDE exceeded max depth: 8 {"parentGde":"2343831580475407303","childGde":"3575176565745802415"}
<2026-04-17 06:19:25.844>: [Info]: [WARNING] Context: UpdateChildActorIdsForGDE exceeded max depth: 8 {"parentGde":"2343831580475407303","childGde":"995175649308164319"}
<2026-04-17 06:19:25.844>: [Info]: [WARNING] Context: UpdateChildActorIdsForGDE exceeded max depth: 8 {"parentGde":"2343831580475407303","childGde":"16782255480707788407"}
<2026-04-17 06:19:25.844>: [Info]: [WARNING] Context: UpdateChildActorIdsForGDE exceeded max depth: 8 {"parentGde":"2343831580475407303","childGde":"16673080149804865815"}
<2026-04-17 06:19:25.844>: [Info]: [WARNING] Context: UpdateChildActorIdsForGDE exceeded max depth: 8 {"parentGde":"2343831580475407303","childGde":"6086013066615716135"}
<2026-04-17 06:19:25.844>: [Info]: [WARNING] Context: UpdateChildActorIdsForGDE exceeded max depth: 8 {"parentGde":"2343831580475407303","childGde":"10068512637093247383"}
<2026-04-17 06:19:25.844>: [Info]: [WARNING] Context: UpdateChildActorIdsForGDE exceeded max depth: 8 {"parentGde":"2343831580475407303","childGde":"9871541933774860631"}
<2026-04-17 06:19:25.844>: [Info]: [WARNING] Context: UpdateChildActorIdsForGDE exceeded max depth: 8 {"parentGde":"2343831580475407303","childGde":"145998787428624215"}
<2026-04-17 06:19:25.844>: [Info]: [WARNING] Context: UpdateChildActorIdsForGDE exceeded max depth: 8 {"parentGde":"2343831580475407303","childGde":"7317967307447190199"}
<2026-04-17 06:19:25.844>: [Info]: [WARNING] Context: UpdateChildActorIdsForGDE exceeded max depth: 8 {"parentGde":"2343831580475407303","childGde":"12427342769637587703"}
<2026-04-17 06:19:25.844>: [Info]: [WARNING] Context: UpdateChildActorIdsForGDE exceeded max depth: 8 {"parentGde":"2343831580475407303","childGde":"9080342978215459095"}
<2026-04-17 06:19:25.844>: [Info]: [WARNING] Context: UpdateChildActorIdsForGDE exceeded max depth: 8 {"parentGde":"2343831580475407303","childGde":"15503540766258455983"}
<2026-04-17 06:19:25.844>: [Info]: [WARNING] Context: UpdateChildActorIdsForGDE exceeded max depth: 8 {"parentGde":"2343831580475407303","childGde":"17839345286775573591"}
<2026-04-17 06:19:25.844>: [Info]: [WARNING] Context: UpdateChildActorIdsForGDE exceeded max depth: 8 {"parentGde":"2343831580475407303","childGde":"12843336035738354143"}
<2026-04-17 06:19:25.844>: [Info]: [WARNING] Context: UpdateChildActorIdsForGDE exceeded max depth: 8 {"parentGde":"2343831580475407303","childGde":"6476281540456387559"}
<2026-04-17 06:19:25.844>: [Info]: [WARNING] Context: UpdateChildActorIdsForGDE exceeded max depth: 8 {"parentGde":"2343831580475407303","childGde":"8846108808007023199"}
<2026-04-17 06:19:25.844>: [Info]: [WARNING] Context: UpdateChildActorIdsForGDE exceeded max depth: 8 {"parentGde":"2343831580475407303","childGde":"16480003874221422847"}
<2026-04-17 06:19:25.844>: [Info]: [WARNING] Context: UpdateChildActorIdsForGDE exceeded max depth: 8 {"parentGde":"2343831580475407303","childGde":"2506644605478911959"}
<2026-04-17 06:19:25.844>: [Info]: [WARNING] Context: UpdateChildActorIdsForGDE exceeded max depth: 8 {"parentGde":"2343831580475407303","childGde":"1348715670054086655"}
<2026-04-17 06:19:25.844>: [Info]: [WARNING] Context: UpdateChildActorIdsForGDE exceeded max depth: 8 {"parentGde":"2343831580475407303","childGde":"5287808664090860239"}
<2026-04-17 06:19:25.844>: [Info]: [WARNING] Context: UpdateChildActorIdsForGDE exceeded max depth: 8 {"parentGde":"2343831580475407303","childGde":"380960235160955047"}
<2026-04-17 06:19:25.844>: [Info]: [WARNING] Context: UpdateChildActorIdsForGDE exceeded max depth: 8 {"parentGde":"2343831580475407303","childGde":"1932419455843276327"}
<2026-04-17 06:19:25.844>: [Info]: [WARNING] Context: UpdateChildActorIdsForGDE exceeded max depth: 8 {"parentGde":"2343831580475407303","childGde":"8837811484921552775"}
<2026-04-17 06:19:25.844>: [Info]: [WARNING] Context: UpdateChildActorIdsForGDE exceeded max depth: 8 {"parentGde":"2343831580475407303","childGde":"3238789684479381655"}
<2026-04-17 06:19:25.844>: [Info]: [WARNING] Context: UpdateChildActorIdsForGDE exceeded max depth: 8 {"parentGde":"2343831580475407303","childGde":"4218078623109713623"}
<2026-04-17 06:19:25.844>: [Info]: [WARNING] Context: UpdateChildActorIdsForGDE exceeded max depth: 8 {"parentGde":"2343831580475407303","childGde":"6354883709843846095"}
<2026-04-17 06:19:25.844>: [Info]: [WARNING] Context: UpdateChildActorIdsForGDE exceeded max depth: 8 {"parentGde":"2343831580475407303","childGde":"6359386209326246095"}
<2026-04-17 06:19:25.844>: [Info]: [WARNING] Context: UpdateChildActorIdsForGDE exceeded max depth: 8 {"parentGde":"2343831580475407303","childGde":"3064217067225070215"}
<2026-04-17 06:19:25.844>: [Info]: [WARNING] Context: UpdateChildActorIdsForGDE exceeded max depth: 8 {"parentGde":"2343831580475407303","childGde":"11547289878615470823"}
<2026-04-17 06:19:25.844>: [Info]: [WARNING] Context: UpdateChildActorIdsForGDE exceeded max depth: 8 {"parentGde":"2343831580475407303","childGde":"15156504635459382343"}
<2026-04-17 06:19:25.844>: [Info]: [WARNING] Context: UpdateChildActorIdsForGDE exceeded max depth: 8 {"parentGde":"2343831580475407303","childGde":"4946149614447400743"}
<2026-04-17 06:19:25.844>: [Info]: [WARNING] Context: UpdateChildActorIdsForGDE exceeded max depth: 8 {"parentGde":"2343831580475407303","childGde":"8230744979641409871"}
<2026-04-17 06:19:25.844>: [Info]: [WARNING] Context: UpdateChildActorIdsForGDE exceeded max depth: 8 {"parentGde":"2343831580475407303","childGde":"12223869726956483855"}
<2026-04-17 06:19:25.844>: [Info]: [WARNING] Context: UpdateChildActorIdsForGDE exceeded max depth: 8 {"parentGde":"2343831580475407303","childGde":"225756077896902503"}
<2026-04-17 06:19:25.844>: [Info]: [WARNING] Context: UpdateChildActorIdsForGDE exceeded max depth: 8 {"parentGde":"2343831580475407303","childGde":"15389509706670888463"}
<2026-04-17 06:19:25.844>: [Info]: [WARNING] Context: UpdateChildActorIdsForGDE exceeded max depth: 8 {"parentGde":"2343831580475407303","childGde":"1535181878650191991"}
<2026-04-17 06:19:25.844>: [Info]: [WARNING] Context: UpdateChildActorIdsForGDE exceeded max depth: 8 {"parentGde":"2343831580475407303","childGde":"6160361727095474767"}
<2026-04-17 06:19:25.844>: [Info]: [WARNING] Context: UpdateChildActorIdsForGDE exceeded max depth: 8 {"parentGde":"2343831580475407303","childGde":"11548590119886600271"}
<2026-04-17 06:19:25.939>: [Info]: [WARNING] Context: UpdateChildActorIdsForGDE exceeded max depth: 8 {"parentGde":"6108920033412999719","childGde":"10151430839645811175"}
<2026-04-17 06:19:25.939>: [Info]: [WARNING] Context: UpdateChildActorIdsForGDE exceeded max depth: 8 {"parentGde":"6108920033412999719","childGde":"14256470696124789215"}
<2026-04-17 06:19:25.939>: [Info]: [WARNING] Context: UpdateChildActorIdsForGDE exceeded max depth: 8 {"parentGde":"6108920033412999719","childGde":"14334133756804284047"}
<2026-04-17 06:19:25.939>: [Info]: [WARNING] Context: UpdateChildActorIdsForGDE exceeded max depth: 8 {"parentGde":"6108920033412999719","childGde":"4909249669626377295"}
<2026-04-17 06:19:25.939>: [Info]: [WARNING] Context: UpdateChildActorIdsForGDE exceeded max depth: 8 {"parentGde":"6108920033412999719","childGde":"11336333767980013335"}
<2026-04-17 06:19:25.939>: [Info]: [WARNING] Context: UpdateChildActorIdsForGDE exceeded max depth: 8 {"parentGde":"6108920033412999719","childGde":"9916979052266192135"}
<2026-04-17 06:19:25.939>: [Info]: [WARNING] Context: UpdateChildActorIdsForGDE exceeded max depth: 8 {"parentGde":"6108920033412999719","childGde":"9601748076604264767"}
<2026-04-17 06:19:25.939>: [Info]: [WARNING] Context: UpdateChildActorIdsForGDE exceeded max depth: 8 {"parentGde":"6108920033412999719","childGde":"2006662117541328015"}
<2026-04-17 06:19:25.939>: [Info]: [WARNING] Context: UpdateChildActorIdsForGDE exceeded max depth: 8 {"parentGde":"6108920033412999719","childGde":"14695722684531810951"}
<2026-04-17 06:19:25.939>: [Info]: [WARNING] Context: UpdateChildActorIdsForGDE exceeded max depth: 8 {"parentGde":"6108920033412999719","childGde":"16492168768847783887"}
<2026-04-17 06:19:25.939>: [Info]: [WARNING] Context: UpdateChildActorIdsForGDE exceeded max depth: 8 {"parentGde":"6108920033412999719","childGde":"12213332646361658191"}
<2026-04-17 06:19:25.939>: [Info]: [WARNING] Context: UpdateChildActorIdsForGDE exceeded max depth: 8 {"parentGde":"6108920033412999719","childGde":"10151439635768193935"}
<2026-04-17 06:19:25.939>: [Info]: [WARNING] Context: UpdateChildActorIdsForGDE exceeded max depth: 8 {"parentGde":"6108920033412999719","childGde":"17716062807328592951"}
<2026-04-17 06:19:25.939>: [Info]: [WARNING] Context: UpdateChildActorIdsForGDE exceeded max depth: 8 {"parentGde":"6108920033412999719","childGde":"18405231174888273207"}
<2026-04-17 06:19:25.939>: [Info]: [WARNING] Context: UpdateChildActorIdsForGDE exceeded max depth: 8 {"parentGde":"6108920033412999719","childGde":"4909240873495605735"}
<2026-04-17 06:19:25.939>: [Info]: [WARNING] Context: UpdateChildActorIdsForGDE exceeded max depth: 8 {"parentGde":"6108920033412999719","childGde":"10151439635787068567"}
<2026-04-17 06:19:25.939>: [Info]: [WARNING] Context: UpdateChildActorIdsForGDE exceeded max depth: 8 {"parentGde":"6108920033412999719","childGde":"5061416708523130191"}
<2026-04-17 06:19:25.939>: [Info]: [WARNING] Context: UpdateChildActorIdsForGDE exceeded max depth: 8 {"parentGde":"6108920033412999719","childGde":"4909240873533355063"}
<2026-04-17 06:19:25.939>: [Info]: [WARNING] Context: UpdateChildActorIdsForGDE exceeded max depth: 8 {"parentGde":"6108920033412999719","childGde":"10419736303373755199"}
<2026-04-17 06:19:25.939>: [Info]: [WARNING] Context: UpdateChildActorIdsForGDE exceeded max depth: 8 {"parentGde":"6108920033412999719","childGde":"1981892319636927079"}
<2026-04-17 06:19:25.939>: [Info]: [WARNING] Context: UpdateChildActorIdsForGDE exceeded max depth: 8 {"parentGde":"6108920033412999719","childGde":"15480733689551774255"}
<2026-04-17 06:19:25.939>: [Info]: [WARNING] Context: UpdateChildActorIdsForGDE exceeded max depth: 8 {"parentGde":"6108920033412999719","childGde":"17685533397441277375"}
<2026-04-17 06:19:25.939>: [Info]: [WARNING] Context: UpdateChildActorIdsForGDE exceeded max depth: 8 {"parentGde":"6108920033412999719","childGde":"5730088985937258743"}
<2026-04-17 06:19:25.939>: [Info]: [WARNING] Context: UpdateChildActorIdsForGDE exceeded max depth: 8 {"parentGde":"6108920033412999719","childGde":"6383598656406145767"}
<2026-04-17 06:19:25.939>: [Info]: [WARNING] Context: UpdateChildActorIdsForGDE exceeded max depth: 8 {"parentGde":"6108920033412999719","childGde":"2278713006410297743"}
<2026-04-17 06:19:25.939>: [Info]: [WARNING] Context: UpdateChildActorIdsForGDE exceeded max depth: 8 {"parentGde":"6108920033412999719","childGde":"11318081122492139199"}
<2026-04-17 06:19:25.939>: [Info]: [WARNING] Context: UpdateChildActorIdsForGDE exceeded max depth: 8 {"parentGde":"6108920033412999719","childGde":"9009740863183394375"}
<2026-04-17 06:19:25.939>: [Info]: [WARNING] Context: UpdateChildActorIdsForGDE exceeded max depth: 8 {"parentGde":"6108920033412999719","childGde":"7612795006231243159"}
<2026-04-17 06:19:25.939>: [Info]: [WARNING] Context: UpdateChildActorIdsForGDE exceeded max depth: 8 {"parentGde":"6108920033412999719","childGde":"1995403118474998111"}
<2026-04-17 06:19:25.939>: [Info]: [WARNING] Context: UpdateChildActorIdsForGDE exceeded max depth: 8 {"parentGde":"6108920033412999719","childGde":"10151430839691949215"}
<2026-04-17 06:19:25.939>: [Info]: [WARNING] Context: UpdateChildActorIdsForGDE exceeded max depth: 8 {"parentGde":"6108920033412999719","childGde":"14231692102150435399"}
<2026-04-17 06:19:25.940>: [Info]: [WARNING] Context: UpdateChildActorIdsForGDE exceeded max depth: 8 {"parentGde":"3641491151144765335","childGde":"14236193503671006287"}
<2026-04-17 06:19:25.940>: [Info]: [WARNING] Context: UpdateChildActorIdsForGDE exceeded max depth: 8 {"parentGde":"3641491151144765335","childGde":"16857329018379357247"}
<2026-04-17 06:19:25.940>: [Info]: [WARNING] Context: UpdateChildActorIdsForGDE exceeded max depth: 8 {"parentGde":"3641491151144765335","childGde":"14247452502619895207"}
<2026-04-17 06:19:25.940>: [Info]: [WARNING] Context: UpdateChildActorIdsForGDE exceeded max depth: 8 {"parentGde":"3641491151144765335","childGde":"2008911169404319399"}
<2026-04-17 06:19:25.940>: [Info]: [WARNING] Context: UpdateChildActorIdsForGDE exceeded max depth: 8 {"parentGde":"3641491151144765335","childGde":"1993157916551066223"}
<2026-04-17 06:19:25.940>: [Info]: [WARNING] Context: UpdateChildActorIdsForGDE exceeded max depth: 8 {"parentGde":"3641491151144765335","childGde":"17461182486208761647"}
<2026-04-17 06:19:25.940>: [Info]: [WARNING] Context: UpdateChildActorIdsForGDE exceeded max depth: 8 {"parentGde":"3641491151144765335","childGde":"15749505443296358991"}
<2026-04-17 06:19:25.940>: [Info]: [WARNING] Context: UpdateChildActorIdsForGDE exceeded max depth: 8 {"parentGde":"3641491151144765335","childGde":"7136038023611016495"}
<2026-04-17 06:19:28.300>: [Info] (AZCore): [CMS] Loading CMS File: H:/SteamLibrary/steamapps/common/New World/Assets/worlds.override.json
<2026-04-17 06:19:28.300>: [Info] (AZCore): [CMS] Loading CMS HTTP Request URL: https://d1hkbwzm1bktgo.cloudfront.net/motd/worlds_STEAM_APP_ID.1063730.json
<2026-04-17 06:19:28.370>: [Info] (AZCore): [CMS] Loading CMS File: H:/SteamLibrary/steamapps/common/New World/Assets/worlds.override.json
<2026-04-17 06:19:28.371>: [Info] (AZCore): [CMS] Loading CMS HTTP Request URL: https://d1hkbwzm1bktgo.cloudfront.net/motd/worlds_STEAM_APP_ID.1063730.json
<2026-04-17 06:19:47.079>: [Info] (AZCore): [CMS] Loading CMS File: H:/SteamLibrary/steamapps/common/New World/Assets/news_stories.json
<2026-04-17 06:19:47.079>: [Info] (AZCore): [CMS] Loading CMS HTTP Request URL: https://d1hkbwzm1bktgo.cloudfront.net/newsstories/STEAM_APP_ID.1063730/metadata.json
<2026-04-17 06:19:48.734>: [Info] (AZCore): [Debug] Calling IAuthManager::GetInstance()->EndSession()
<2026-04-17 06:19:48.739>: [Info] (AZCore): [SteamAuth] Omni EndSession called successfully
<2026-04-17 06:19:48.739>: [Info] (AZCore): [Debug] In callback function for IAuthManager::GetInstance()->EndSession()
<2026-04-17 06:19:48.739>: [Info] (AZCore): [Game] CGame::ActorContainerDisconnect
<2026-04-17 06:19:48.739>: [Info] (AZCore): [GameConnection] GameConnectionWrapper::Disconnect
<2026-04-17 06:19:48.739>: [Info] (AZCore): [Game] CGame::OnDisconnection: Disconnected from REP
<2026-04-17 06:19:48.750>: [Info] (AZCore): [GameConnection] GameConnectionWrapper: disconnected from REP
<2026-04-17 06:19:49.855>: [Info] (AZCore): [GameConnection] Update state InGame to new state Disconnected
<2026-04-17 06:19:49.855>: [Info] (AZCore): [Debug] Calling gEnv->pConsole->ExecuteString("quit")
<2026-04-17 06:19:49.855>: [Info]: CSystem::Quit invoked from thread 30044 (main is 30044)
<2026-04-17 06:19:49.855>: [Info]: [Vivox] VoiceChatSystemComponent: invalid input device id {0.0.1.00000000}.{138487fa-7a06-456b-a42c-48dadfaf742f}
<2026-04-17 06:19:49.855>: [Info]: [Vivox] VoiceChatSystemComponent: invalid output device id {0.0.0.00000000}.{99d501b3-0e8c-42d4-8bbd-9c4b297e3481}
<2026-04-17 06:19:49.855>: [Info]: SerializeOptions: Saving to @savedata@/temp_usersettings_37ccbd7ffd92a332.javsave
<2026-04-17 06:19:49.857>: [Info]: SerializeOptions: Success
<2026-04-17 06:19:49.857>: [Info]: SerializeOptions: Moving to @savedata@/usersettings_37ccbd7ffd92a332.javsave
<2026-04-17 06:19:49.858>: [Info] (AZCore): [Game] CGame::ActorContainerDisconnect
