typeIndex,name,confidence
0,NullType,registry-only
1,REPClient::RegistrationRequestMsg,direct
2,REPClient::RegistrationRequestV2Msg,direct
3,REPClient::RegistrationResponseMsg,direct
4,MessageLayerTrait::IdentifierMsg,direct
5,MessageLayerTrait::IdentifierAckMsg,direct
6,MessageLayerTrait::IdentifierCompleteMsg,direct
7,ActorStateCacheProxyTrait::FragmentUpdatesMsg,direct
8,(unclaimed),unclaimed
9,(unclaimed),unclaimed
10,(unclaimed),unclaimed
11,(unclaimed),unclaimed
12,(unclaimed),unclaimed
13,(unclaimed),unclaimed
14,(unclaimed),unclaimed
15,(unclaimed),unclaimed
16,(unclaimed),unclaimed
17,(unclaimed),unclaimed
18,(unclaimed),unclaimed
19,REPClient::RegistrationRequestV3Msg,direct
20,(unclaimed),unclaimed
22,Amazon::Hub::RoutingSubListener::State,direct
25,PersistenceRestoreListenerTrait,direct
26,(unclaimed),unclaimed
27,ActorMover::State,direct
28,(unclaimed),unclaimed
29,(unclaimed),unclaimed
30,ConfigOverridesDebugTrait::State,direct
31,(unclaimed),unclaimed
33,(unclaimed),unclaimed
38,(unclaimed),unclaimed
40,(unclaimed),unclaimed
41,(unclaimed),unclaimed
42,PersistenceRestoreTrait::SpawnRestoredMonikerActorMsg,direct
43,(unclaimed),unclaimed
45,(unclaimed),unclaimed
46,EasyAntiCheatClientTrait::State,direct
47,(unclaimed),unclaimed
48,(unclaimed),unclaimed
55,(unclaimed),unclaimed
57,(unclaimed),unclaimed
58,EasyAntiCheatClientTrait,direct
60,(unclaimed),unclaimed
62,(unclaimed),unclaimed
67,(unclaimed),unclaimed
68,(unclaimed),unclaimed
72,(unclaimed),unclaimed
77,(unclaimed),unclaimed
78,(unclaimed),unclaimed
79,(unclaimed),unclaimed
80,ProfanityFilterTrait::State,direct
81,(unclaimed),unclaimed
84,Shuffler::MoveAnActorMsg,direct
85,(unclaimed),unclaimed
87,(unclaimed),unclaimed
89,(unclaimed),unclaimed
91,(unclaimed),unclaimed
92,(unclaimed),unclaimed
93,(unclaimed),unclaimed
96,(unclaimed),unclaimed
98,PersistenceNotificationReceiver::State,direct
100,(unclaimed),unclaimed
102,(unclaimed),unclaimed
103,(unclaimed),unclaimed
104,Amazon::IPC::SetPersistenceWorldIDMessage,direct
105,(unclaimed),unclaimed
106,EasyAntiCheatTrait::UpdateMsg,direct
112,ClientActorRoutingAuthorizationTrait,direct
116,(unclaimed),unclaimed
117,(unclaimed),unclaimed
118,(unclaimed),unclaimed
121,Amazon::IPC::AddActorMessage,direct
122,(unclaimed),unclaimed
123,ConfigOverridesDebugResponseTrait::State,direct
125,(unclaimed),unclaimed
127,ClientActorRoutingAuthorizationTrait::State,direct
128,(unclaimed),unclaimed
129,(unclaimed),unclaimed
130,KickClientTrait,direct
135,(unclaimed),unclaimed
138,(unclaimed),unclaimed
140,ProfanityFilterClientTrait::State,direct
141,HubLifecycleStateRequestTrait::State,direct
144,(unclaimed),unclaimed
147,(unclaimed),unclaimed
149,ClientActorRoutingAuthorizationTrait::AddEntryMsg,direct
150,(unparseable),hi
151,(unclaimed),unclaimed
154,ConfigOverridesDebugResponseTrait::ReceiveConfigOverridesMsg,direct
155,(unclaimed),unclaimed
156,(unclaimed),unclaimed
157,REPClient::State,direct
158,(unclaimed),unclaimed
159,ClientActorRoutingAuthorizationTrait::RemoveEntryMsg,direct
160,(unclaimed),unclaimed
161,(unclaimed),unclaimed
164,ClientActorRoutingAuthorizationTrait::ClientAddEntryMsg,direct
166,(unclaimed),unclaimed
168,ClientActorRoutingAuthorizationTrait::ClientRemoveEntryMsg,direct
170,(unclaimed),unclaimed
171,ConfigOverridesDebugTrait::SendConfigOverridesMsg,direct
172,HubIdDebugTrait,direct
173,(unclaimed),unclaimed
176,(unclaimed),unclaimed
178,ActorStateCacheProxyTrait::NoFragmentsPresentMsg,direct
182,(unclaimed),unclaimed
183,(unclaimed),unclaimed
184,HubIdDebugTrait::State,direct
185,(unclaimed),unclaimed
186,(unclaimed),unclaimed
187,HubIdDebugTrait::ReceiveHubInfoForActorsMsg,direct
188,(unclaimed),unclaimed
189,(unclaimed),unclaimed
190,(unclaimed),unclaimed
191,HubIdDebugTrait::ReceiveAllHubNamesMsg,direct
192,(unclaimed),unclaimed
193,(unclaimed),unclaimed
194,HubIdDebugTrait::RequestHubInfoForActorsMsg,direct
195,(unclaimed),unclaimed
196,(unclaimed),unclaimed
197,(unparseable),hi
198,HubIdDebugTrait::RequestAllHubNamesMsg,direct
200,ConfigOverridesDebugTrait,direct
203,ProfanityFilterClientTrait,direct
205,(unclaimed),unclaimed
207,(unclaimed),unclaimed
208,ConfigOverridesDebugResponseTrait,direct
209,PingTrait::PingRequestMsg,direct
211,(unclaimed),unclaimed
214,(unclaimed),unclaimed
216,Amazon::Hub::ScaleTestManager::ConfigureTestActorsMsg,direct
220,ProfanityFilterClientTrait::IsUsingBadWordsMsg,direct
222,(unclaimed),unclaimed
223,(unclaimed),unclaimed
224,(unclaimed),unclaimed
226,(unparseable),hi
227,(unclaimed),unclaimed
229,(unclaimed),unclaimed
230,ProfanityFilterClientTrait::IsUsingBadWordsResponseMsg,direct
231,(unclaimed),unclaimed
232,Amazon::Hub::InterestAgentWorkerTrait::State,direct
234,EasyAntiCheatTrait,direct
235,(unclaimed),unclaimed
236,REPClient,direct
237,ClientRegistryActorTraits::OnListenerChangedMsg,direct
238,(unclaimed),unclaimed
239,EasyAntiCheatTrait::State,direct
240,(unclaimed),unclaimed
241,(unclaimed),unclaimed
243,ProfanityFilterTrait,direct
244,(unclaimed),unclaimed
245,(unclaimed),unclaimed
246,(unclaimed),unclaimed
247,RoutingTrait::RequestRecordsMsg,direct
248,(unclaimed),unclaimed
249,EasyAntiCheatClientTrait::UpdateMsg,direct
250,(unclaimed),unclaimed
252,(unclaimed),unclaimed
253,(unclaimed),unclaimed
254,KickClientTrait::KickClientFromRepMsg,direct
255,(unclaimed),unclaimed
257,(unparseable),hi
259,KickClientTrait::State,direct
265,(unclaimed),unclaimed
267,ActorStateCacheProxy,direct
268,ProfanityFilterTrait::IsUsingBadWordsMsg,direct
270,(unclaimed),unclaimed
271,KickClientTrait::KickClientMsg,direct
272,Amazon::IPC::PersistencePingMessage,direct
273,(unclaimed),unclaimed
274,(unclaimed),unclaimed
275,(unclaimed),unclaimed
277,ProfanityFilterClientTrait::FilterTextMsg,direct
278,(unclaimed),unclaimed
279,(unclaimed),unclaimed
280,KickClientTrait::WarnClientMsg,direct
281,RoutingTrait,direct
282,(unclaimed),unclaimed
286,(unclaimed),unclaimed
288,(unclaimed),unclaimed
293,(unclaimed),unclaimed
294,NotifyHubCrashTrait::NotifyHubCrashMsg,direct
295,MessageLayerTrait::State,direct
296,(unclaimed),unclaimed
298,(unclaimed),unclaimed
300,PingTrait,direct
301,(unclaimed),unclaimed
302,(unclaimed),unclaimed
303,PingTrait::State,direct
305,(unclaimed),unclaimed
306,Amazon::Hub::ASC_RegisterAllFragmentsAccess,direct
308,(unclaimed),unclaimed
309,(unclaimed),unclaimed
310,PingTrait::PingResponseMsg,direct
311,(unclaimed),unclaimed
312,(unclaimed),unclaimed
313,ProfanityFilterClientTrait::FilterTextResponseMsg,direct
314,(unclaimed),unclaimed
317,ProfanityFilterClientTrait::FilterChatResponseMsg,direct
318,(unclaimed),unclaimed
319,ProfanityFilterTrait::FilterTextMsg,direct
322,ProfanityFilterTrait::FilterChatMsg,direct
323,(unclaimed),unclaimed
324,(unparseable),hi
325,RegistryClient,direct
326,(unclaimed),unclaimed
327,(unclaimed),unclaimed
328,RegistryClient::State,direct
331,(unclaimed),unclaimed
332,(unclaimed),unclaimed
333,(unclaimed),unclaimed
334,RegistryClient::EventMsg,direct
335,REPClient::TimeSynchMsg,direct
337,(unclaimed),unclaimed
338,Amazon::IPC::SaveCustomizedDataMessage,direct
339,(unclaimed),unclaimed
342,(unclaimed),unclaimed
343,(unclaimed),unclaimed
347,(unclaimed),unclaimed
349,REPClient::PingMsg,direct
351,Shuffler::OnMoveCoordinatorChangedMsg,direct
352,(unclaimed),unclaimed
353,(unclaimed),unclaimed
355,(unclaimed),unclaimed
356,(unclaimed),unclaimed
357,(unclaimed),unclaimed
358,(unclaimed),unclaimed
359,(unclaimed),unclaimed
360,(unclaimed),unclaimed
361,(unclaimed),unclaimed
362,REPConnectionListener,direct
363,(unclaimed),unclaimed
365,(unclaimed),unclaimed
366,(unclaimed),unclaimed
368,REPConnectionListener::State,direct
370,(unclaimed),unclaimed
371,Amazon::Hub::HubLifecyclePeeringTrait::UpgradeVersionMsg,direct
372,(unclaimed),unclaimed
373,(unclaimed),unclaimed
374,REPConnectionListener::ClientConnectionMsg,direct
375,(unclaimed),unclaimed
376,REPConnectionListener::ClientDisconnectionMsg,direct
377,(unclaimed),unclaimed
380,Amazon::Hub::ScaleTestTrait,direct
385,(unclaimed),unclaimed
387,(unclaimed),unclaimed
388,(unclaimed),unclaimed
389,Amazon::Hub::ASC_UnregisterAllFragmentsAccess,direct
391,Replicate,direct
392,(unclaimed),unclaimed
394,Replicate::State,direct
397,Replicate::RegisterFragmentAccessMsg,direct
399,Replicate::UnregisterFragmentAccessMsg,direct
400,(unclaimed),unclaimed
401,Replicate::UnregisterProxyMsg,direct
402,(unclaimed),unclaimed
403,(unclaimed),unclaimed
404,(unclaimed),unclaimed
405,(unclaimed),unclaimed
407,ReplicateClient,direct
409,ReplicateClient::State,direct
412,(unclaimed),unclaimed
413,(unclaimed),unclaimed
414,(unclaimed),unclaimed
416,(unclaimed),unclaimed
417,(unclaimed),unclaimed
419,(unclaimed),unclaimed
421,(unclaimed),unclaimed
422,ReplicateClient::FragmentUpdateMsg,direct
423,(unclaimed),unclaimed
425,(unclaimed),unclaimed
427,(unclaimed),unclaimed
435,Amazon::Hub::ScaleTestActor,direct
437,Amazon::Hub::InterestAgentWorkerTrait,direct
438,(unclaimed),unclaimed
439,(unclaimed),unclaimed
440,(unclaimed),unclaimed
441,(unclaimed),unclaimed
443,(unclaimed),unclaimed
445,(unclaimed),unclaimed
446,(unclaimed),unclaimed
447,(unclaimed),unclaimed
449,Amazon::Hub::ActorStatusNotificationMessage,direct
450,(unclaimed),unclaimed
451,(unclaimed),unclaimed
453,(unclaimed),unclaimed
456,(unclaimed),unclaimed
457,Amazon::Hub::RoutingUnsubscribeMsg,direct
461,(unclaimed),unclaimed
462,(unclaimed),unclaimed
465,(unclaimed),unclaimed
466,(unclaimed),unclaimed
467,(unclaimed),unclaimed
469,ClientRegistryActorTraits,direct
470,(unclaimed),unclaimed
471,(unclaimed),unclaimed
473,(unclaimed),unclaimed
474,(unclaimed),unclaimed
475,Amazon::Hub::ActorInitListenerTrait::OnInitCompletedMessageMsg,direct
477,(unclaimed),unclaimed
478,(unclaimed),unclaimed
479,DebugCommandActorBridgeActor::InitMsg,direct
484,(unclaimed),unclaimed
485,Amazon::Hub::RoutingSubListener::OnHubAvailableMsg,direct
486,Shuffler,direct
488,Amazon::IPC::RestoreActorMonikerMessage,direct
490,Amazon::IPC::SaveActorMessage,direct
491,(unclaimed),unclaimed
492,Shuffler::State,direct
495,(unclaimed),unclaimed
496,NotifyHubCrashTrait::State,direct
497,(unclaimed),unclaimed
501,(unclaimed),unclaimed
502,(unclaimed),unclaimed
503,ActorShuffler,direct
504,(unclaimed),unclaimed
505,ActorShuffler::InitMsg,direct
507,(unclaimed),unclaimed
508,(unclaimed),unclaimed
509,(unclaimed),unclaimed
511,ActorStateCacheProxyTrait,direct
512,(unclaimed),unclaimed
514,ActorStateCacheProxyTrait::State,direct
516,ActorStateCacheProxyTrait::FragmentUpdateMsg,direct
517,(unclaimed),unclaimed
520,(unclaimed),unclaimed
522,ActorMover::ReceiveActorMsg,direct
526,Amazon::Hub::ScaleTestManager::ClearRemoteRegistryMsg,direct
527,(unclaimed),unclaimed
531,(unclaimed),unclaimed
532,ActorStateCacheProxyTrait::StartObservingFragmentMsg,direct
533,(unclaimed),unclaimed
534,ActorStateCacheProxyTrait::StopObservingFragmentMsg,direct
537,(unclaimed),unclaimed
538,(unclaimed),unclaimed
540,ActorStateCacheProxyTrait::StopObservingFragment2Msg,direct
541,(unclaimed),unclaimed
542,(unclaimed),unclaimed
544,(unclaimed),unclaimed
546,(unclaimed),unclaimed
547,(unclaimed),unclaimed
548,ActorStateCacheProxy::InitMsg,direct
549,(unclaimed),unclaimed
551,ClientProxy,registry-only
553,(unclaimed),unclaimed
555,(unclaimed),unclaimed
556,ClientRegistryActor,direct
557,(unclaimed),unclaimed
558,(unclaimed),unclaimed
559,Amazon::Hub::ScaleTestManagerActor::InitMsg,direct
560,(unclaimed),unclaimed
561,ClientRegistryActorTraits::State,direct
563,ClientRegistryActorTraits::SendClockSyncMsg,direct
565,(unclaimed),unclaimed
566,(unclaimed),unclaimed
568,DebugCommandActorBridge,direct
569,(unclaimed),unclaimed
571,(unclaimed),unclaimed
572,(unclaimed),unclaimed
573,MoveCoordinator,direct
574,Amazon::Hub::ScaleTestManager::SpawnActorsMsg,direct
575,DebugCommandActorBridge::State,direct
578,(unclaimed),unclaimed
580,(unclaimed),unclaimed
583,DebugCommandActorBridge::ResponseMsg,direct
586,DebugCommandActorBridgeActor,direct
587,(unclaimed),unclaimed
589,Amazon::Hub::HubLifecyclePeeringTrait,direct
590,Amazon::Hub::HubLifecyclePeeringTrait::State,direct
591,Amazon::Hub::HubLifecyclePeeringTrait::ExitPeeringMsg,direct
593,(unclaimed),unclaimed
596,Amazon::Hub::HubLifecyclePeeringTrait::UpdateHubLifecycleStepMsg,direct
598,Amazon::Hub::HubLifecyclePeeringTrait::PeerPresenceAckMsg,direct
600,Amazon::Hub::ScaleTestManager::LoadConfigurationMsg,direct
603,(unclaimed),unclaimed
604,Amazon::Hub::HubLifecyclePeeringTrait::ForgetPeerMsg,direct
605,Amazon::Hub::HubLifecyclePeeringTrait::OnPeerChangedMsg,direct
608,(unclaimed),unclaimed
609,Amazon::Hub::HubLifecyclePeeringActor,direct
610,(unclaimed),unclaimed
611,Amazon::Hub::HubLifecyclePeeringActor::InitMsg,direct
612,(unclaimed),unclaimed
613,HubLifecycleStateRequestTrait,direct
614,(unclaimed),unclaimed
615,(unclaimed),unclaimed
616,HubLifecycleStateListenerTrait,direct
619,Amazon::Hub::ScaleTestManagerActor,direct
620,(unclaimed),unclaimed
621,HubLifecycleStateListenerTrait::State,direct
622,Amazon::Hub::RoutingSubActor::InitMsg,direct
623,HubLifecycleStateRequestTrait::RequestStateMsg,direct
624,(unclaimed),unclaimed
625,(unclaimed),unclaimed
626,(unclaimed),unclaimed
628,(unclaimed),unclaimed
629,HubLifecycleStateListenerTrait::OnStateChangedMsg,direct
633,Amazon::Hub::HubReconnectListener,direct
634,(unclaimed),unclaimed
635,Amazon::Hub::HubReconnectListener::State,direct
636,(unclaimed),unclaimed
637,(unclaimed),unclaimed
638,(unclaimed),unclaimed
641,Amazon::Hub::HubReconnectListener::OnNewHubInfoMsg,direct
643,(unclaimed),unclaimed
644,(unclaimed),unclaimed
646,Amazon::Hub::IActor,direct
647,(unclaimed),unclaimed
648,(unclaimed),unclaimed
650,MessageLayerTrait,direct
651,(unclaimed),unclaimed
653,(unclaimed),unclaimed
655,(unclaimed),unclaimed
656,(unclaimed),unclaimed
657,(unclaimed),unclaimed
658,(unclaimed),unclaimed
661,(unclaimed),unclaimed
663,(unclaimed),unclaimed
668,Amazon::Hub::ScaleTestManager::GoodbyeMsg,direct
670,(unclaimed),unclaimed
673,(unclaimed),unclaimed
674,RoutingTrait::ConfirmRecordRequestMsg,direct
678,(unclaimed),unclaimed
679,Amazon::Hub::ReportActorDependenciesStatusMessage,direct
680,(unclaimed),unclaimed
682,(unclaimed),unclaimed
686,(unclaimed),unclaimed
688,(unclaimed),unclaimed
689,HubEndpointSharingTrait,direct
690,(unclaimed),unclaimed
691,HubEndpointSharingTrait::State,direct
692,HubEndpointSharingTrait::AddEndpointsMsg,direct
693,(unclaimed),unclaimed
695,(unclaimed),unclaimed
696,(unclaimed),unclaimed
697,(unclaimed),unclaimed
700,HubEndpointSharingTrait::RemoveEndpointsMsg,direct
701,(unclaimed),unclaimed
705,NotifyHubCrashTrait,direct
706,ActorMover,direct
709,(unclaimed),unclaimed
710,ActorMover::MoveActorMsg,direct
712,(unclaimed),unclaimed
714,(unclaimed),unclaimed
715,(unclaimed),unclaimed
718,ActorMover::MoveActorToHubMsg,direct
721,(unclaimed),unclaimed
722,(unclaimed),unclaimed
723,ActorMover::ProcessDeferredMovementRequestsMsg,direct
725,(unclaimed),unclaimed
726,ActorMover::StartMovementCommunicationMsg,direct
728,(unclaimed),unclaimed
731,Amazon::IPC::DumpPersistenceHeapProfilerMessage,direct
732,(unclaimed),unclaimed
736,ActorMover::MovementTimeoutMsg,direct
739,ActorMover::AckMovementMsg,direct
740,ActorMover::CommitMovementMsg,direct
742,(unclaimed),unclaimed
743,(unclaimed),unclaimed
744,(unclaimed),unclaimed
745,ActorMover::AbortMovementMsg,direct
747,ActorMover::CheckMovementStatusMsg,direct
748,ActorMover::OnPeerChangedMsg,direct
751,(unclaimed),unclaimed
752,(unclaimed),unclaimed
753,(unclaimed),unclaimed
755,MoveCoordinator::InitMsg,direct
756,(unclaimed),unclaimed
760,(unclaimed),unclaimed
761,Amazon::Hub::PrepareMoveMessage,direct
762,Amazon::Hub::ResolveMoveMessage,direct
764,(unclaimed),unclaimed
765,Amazon::Hub::ActorQueryResponseMsg,direct
766,PersistenceNotificationReceiver,direct
767,Amazon::Hub::ScaleTestManager::OnPeerChangedMsg,direct
769,PersistenceNotificationReceiver::NotifyPersistenceLoadedMsg,direct
770,(unclaimed),unclaimed
772,(unclaimed),unclaimed
774,Amazon::Hub::RegistryDebugCommands::DebugPingMessage,direct
779,(unclaimed),unclaimed
780,Amazon::Hub::ScaleTestTrait::SetTargetsMsg,direct
783,(unclaimed),unclaimed
785,Amazon::IPC::PersistencePongMessage,direct
788,Amazon::Hub::SingletonPeeringTrait::OnPeerChangedMsg,direct
789,(unclaimed),unclaimed
790,(unclaimed),unclaimed
791,(unclaimed),unclaimed
792,Amazon::Hub::HighPrioritySystemMessage,direct
794,(unclaimed),unclaimed
796,(unclaimed),unclaimed
797,(unclaimed),unclaimed
798,(unclaimed),unclaimed
799,Amazon::Hub::StopActorMessage,direct
800,(unclaimed),unclaimed
805,(unclaimed),unclaimed
807,(unclaimed),unclaimed
810,Amazon::Hub::PersistenceRestoreActorMessage,direct
811,(unclaimed),unclaimed
812,(unclaimed),unclaimed
814,Amazon::Hub::ReportCompletePersistenceDataMessage,direct
815,(unclaimed),unclaimed
816,(unclaimed),unclaimed
818,Amazon::Hub::ActorInitializedMessage,direct
819,(unclaimed),unclaimed
822,Amazon::Hub::InterestAgentWorkerTrait::StartUpdatingMsg,direct
826,(unclaimed),unclaimed
827,Amazon::Hub::InterestAgentWorkerTrait::StopUpdatingMsg,direct
829,Amazon::Hub::InterestAgentWorker,direct
830,(unclaimed),unclaimed
832,(unclaimed),unclaimed
836,DebugCommandActorBridgeActor::InitMsg,direct
837,Amazon::Hub::RoutingSubTestCoordinatorTrait,direct
839,(unclaimed),unclaimed
841,(unclaimed),unclaimed
842,Amazon::Hub::Persistence::ActorPersistenceData,direct
843,(unclaimed),unclaimed
844,Amazon::Hub::Persistence::TraitActorPersistenceData,direct
847,(unclaimed),unclaimed
848,(unclaimed),unclaimed
849,Amazon::Hub::Persistence::ServerContextPersistenceData,direct
850,(unclaimed),unclaimed
851,(unclaimed),unclaimed
853,(unclaimed),unclaimed
854,Amazon::IPC::PersistenceScaleTestMessage,direct
855,(unclaimed),unclaimed
857,Amazon::Hub::ScaleTestTrait::EndTestMsg,direct
858,Amazon::IPC::CrashPersistenceMessage,direct
861,(unclaimed),unclaimed
862,Amazon::IPC::TogglePersistenceHeapProfilerMessage,direct
863,Amazon::IPC::RestoreActorsSpatialMessage,direct
864,(unclaimed),unclaimed
866,Amazon::IPC::QueryActorsMonikerMessage,direct
867,Amazon::IPC::RestoreCustomizedDataMessage,direct
873,(unclaimed),unclaimed
877,Amazon::IPC::RestoredActorByMonikerMessage,direct
878,(unclaimed),unclaimed
879,(unclaimed),unclaimed
880,Amazon::IPC::RestoredCustomizedDataMessage,direct
881,(unclaimed),unclaimed
882,(unclaimed),unclaimed
885,Amazon::IPC::SavedActorMessage,direct
886,Amazon::Hub::ScaleTestManager::ReceiveManagerConfigurationMsg,direct
887,(unclaimed),unclaimed
889,(unclaimed),unclaimed
890,(unclaimed),unclaimed
892,(unclaimed),unclaimed
893,Amazon::Hub::RoutingSubscribeMsg,direct
894,Amazon::IPC::SavedCustomizedDataMessage,direct
898,(unclaimed),unclaimed
899,(unclaimed),unclaimed
900,Amazon::IPC::HighPrioritySaveActorMessage,direct
903,Amazon::IPC::SaveComponentsMessage,direct
904,(unclaimed),unclaimed
905,Amazon::IPC::HighPrioritySaveComponentsMessage,direct
911,(unclaimed),unclaimed
912,(unclaimed),unclaimed
913,Amazon::IPC::HighPrioritySaveCustomizedDataMessage,direct
915,(unclaimed),unclaimed
917,(unclaimed),unclaimed
918,(unclaimed),unclaimed
919,Amazon::IPC::DeleteActorMessage,direct
921,Amazon::IPC::NotifyActorMigrationCompletedMessage,direct
922,Amazon::IPC::NotifyHubPersistenceLifecycleEventMessage,direct
924,Amazon::Hub::InterestAgentWorker::InitMsg,direct
926,(unclaimed),unclaimed
929,Amazon::IPC::NotifyPersistenceStartupResultMessage,direct
930,(unclaimed),unclaimed
933,(unclaimed),unclaimed
934,(unclaimed),unclaimed
936,PersistenceRestoreListenerTrait::State,direct
937,(unclaimed),unclaimed
938,PersistenceRestoreTrait::SpawnRestoredSpatialActorMsg,direct
939,PersistenceRestoreListenerTrait::OnSpatialRestoreFinishedMsg,direct
941,(unclaimed),unclaimed
942,(unclaimed),unclaimed
945,(unclaimed),unclaimed
946,(unclaimed),unclaimed
947,Amazon::Hub::RoutingSubTestActor::TargetInitMsg,direct
948,(unclaimed),unclaimed
951,Amazon::Hub::RoutingSubActor,direct
952,(unclaimed),unclaimed
953,Amazon::Hub::RoutingSubActor::HubConnectionChangedMsg,direct
954,(unclaimed),unclaimed
955,(unclaimed),unclaimed
957,(unclaimed),unclaimed
958,Amazon::Hub::RoutingSubListener,direct
959,(unclaimed),unclaimed
961,(unclaimed),unclaimed
962,(unclaimed),unclaimed
963,(unclaimed),unclaimed
964,(unclaimed),unclaimed
965,Amazon::Hub::RoutingSubListener::OnHubCrashMsg,direct
966,RoutingTrait::State,direct
967,(unclaimed),unclaimed
970,RoutingTrait::UpdateRecordsMsg,direct
971,RoutingTrait::ConfirmRecordResponseMsg,direct
972,(unclaimed),unclaimed
974,RoutingTrait::ForwardedMessageMsg,direct
975,(unclaimed),unclaimed
978,Amazon::Hub::RegistryMsg,direct
980,(unclaimed),unclaimed
981,Amazon::Hub::ActorQueryMsg,direct
982,(unclaimed),unclaimed
984,(unclaimed),unclaimed
985,Amazon::Hub::ResubscribeMsg,direct
987,(unclaimed),unclaimed
989,Amazon::Hub::TraitState,direct
990,Amazon::Hub::ScaleTestTrait::State,direct
992,Amazon::Hub::ScaleTestManager,direct
994,Amazon::Hub::ScaleTestManager::State,direct
995,(unclaimed),unclaimed
996,Amazon::Hub::ScaleTestManagerStatusTrait,direct
997,(unclaimed),unclaimed
998,(unclaimed),unclaimed
999,(unclaimed),unclaimed
1000,(unclaimed),unclaimed
1001,(unclaimed),unclaimed
1002,Amazon::Hub::ScaleTestManagerStatusTrait::State,direct
1005,Amazon::Hub::RoutingSubTestTrait,direct
1008,Amazon::Hub::ScaleTestTrait::PingMsg,direct
1009,Amazon::Hub::ScaleTestTrait::PokeMsg,direct
1011,Amazon::Hub::ScaleTestTrait::ConfigurablePayloadMsg,direct
1012,(unclaimed),unclaimed
1013,(unclaimed),unclaimed
1014,Amazon::Hub::ScaleTestTrait::StartTestMsg,direct
1015,(unclaimed),unclaimed
1017,(unclaimed),unclaimed
1018,Amazon::Hub::ScaleTestManager::ResetMsg,direct
1019,(unclaimed),unclaimed
1021,(unclaimed),unclaimed
1022,Amazon::Hub::ScaleTestManager::ClearRegistryMsg,direct
1026,Amazon::Hub::ScaleTestActor::InitMsg,direct
1030,(unclaimed),unclaimed
1031,(unclaimed),unclaimed
1032,(unclaimed),unclaimed
1033,(unclaimed),unclaimed
1034,(unclaimed),unclaimed
1035,(unclaimed),unclaimed
1036,(unclaimed),unclaimed
1037,(unclaimed),unclaimed
1038,(unclaimed),unclaimed
1044,(unclaimed),unclaimed
1047,(unclaimed),unclaimed
1049,(unclaimed),unclaimed
1051,(unclaimed),unclaimed
1052,(unclaimed),unclaimed
1055,(unclaimed),unclaimed
1058,(unclaimed),unclaimed
1060,(unclaimed),unclaimed
1061,(unclaimed),unclaimed
1063,(unclaimed),unclaimed
1066,(unclaimed),unclaimed
1067,(unclaimed),unclaimed
1069,(unclaimed),unclaimed
1070,(unclaimed),unclaimed
1071,(unclaimed),unclaimed
1072,(unclaimed),unclaimed
1076,(unclaimed),unclaimed
1077,(unclaimed),unclaimed
1078,(unclaimed),unclaimed
1082,(unclaimed),unclaimed
1085,(unclaimed),unclaimed
1088,(unclaimed),unclaimed
1089,(unclaimed),unclaimed
1091,(unclaimed),unclaimed
1093,(unclaimed),unclaimed
1094,(unclaimed),unclaimed
1095,(unclaimed),unclaimed
1097,(unclaimed),unclaimed
1099,(unclaimed),unclaimed
1100,(unclaimed),unclaimed
1103,(unclaimed),unclaimed
1106,(unclaimed),unclaimed
1107,(unclaimed),unclaimed
1108,(unclaimed),unclaimed
1112,(unclaimed),unclaimed
1113,(unclaimed),unclaimed
1114,(unclaimed),unclaimed
1117,(unclaimed),unclaimed
1118,(unclaimed),unclaimed
1120,(unclaimed),unclaimed
1122,(unclaimed),unclaimed
1124,(unclaimed),unclaimed
1126,(unclaimed),unclaimed
1127,(unclaimed),unclaimed
1129,(unclaimed),unclaimed
1131,(unclaimed),unclaimed
1133,(unclaimed),unclaimed
1134,(unclaimed),unclaimed
1137,(unclaimed),unclaimed
1138,(unclaimed),unclaimed
1139,(unclaimed),unclaimed
1147,(unclaimed),unclaimed
1148,(unclaimed),unclaimed
1150,(unclaimed),unclaimed
1151,(unclaimed),unclaimed
1154,(unclaimed),unclaimed
1164,(unclaimed),unclaimed
1165,(unclaimed),unclaimed
1170,(unclaimed),unclaimed
1173,(unclaimed),unclaimed
1175,(unclaimed),unclaimed
1177,(unclaimed),unclaimed
1181,(unclaimed),unclaimed
1185,(unclaimed),unclaimed
1186,(unclaimed),unclaimed
1188,(unclaimed),unclaimed
1189,(unclaimed),unclaimed
1192,(unclaimed),unclaimed
1195,(unclaimed),unclaimed
1196,(unclaimed),unclaimed
1197,(unclaimed),unclaimed
1201,(unclaimed),unclaimed
1203,(unclaimed),unclaimed
1205,(unclaimed),unclaimed
1207,(unclaimed),unclaimed
1215,(unclaimed),unclaimed
1220,(unclaimed),unclaimed
1223,(unclaimed),unclaimed
1225,(unclaimed),unclaimed
1227,(unclaimed),unclaimed
1229,(unclaimed),unclaimed
1230,(unclaimed),unclaimed
1232,(unclaimed),unclaimed
1234,(unclaimed),unclaimed
1239,(unclaimed),unclaimed
1241,(unclaimed),unclaimed
1243,(unclaimed),unclaimed
1245,(unclaimed),unclaimed
1246,(unclaimed),unclaimed
1253,(unclaimed),unclaimed
1254,(unclaimed),unclaimed
1256,(unclaimed),unclaimed
1259,(unclaimed),unclaimed
1260,(unclaimed),unclaimed
1264,(unclaimed),unclaimed
1266,(unclaimed),unclaimed
1268,(unclaimed),unclaimed
1269,(unclaimed),unclaimed
1270,(unclaimed),unclaimed
1276,(unclaimed),unclaimed
1278,(unclaimed),unclaimed
1284,ContinueLifecycleStartupMsg,registry-only
1285,(unclaimed),unclaimed
1291,(unclaimed),unclaimed
1292,(unclaimed),unclaimed
1296,(unclaimed),unclaimed
1298,(unclaimed),unclaimed
1299,(unclaimed),unclaimed
1301,(unclaimed),unclaimed
1302,(unclaimed),unclaimed
1305,(unclaimed),unclaimed
1308,(unclaimed),unclaimed
1310,(unclaimed),unclaimed
1312,(unclaimed),unclaimed
1317,(unclaimed),unclaimed
1319,(unclaimed),unclaimed
1320,(unclaimed),unclaimed
1322,(unclaimed),unclaimed
1324,(unclaimed),unclaimed
1325,(unclaimed),unclaimed
1330,(unclaimed),unclaimed
1333,(unclaimed),unclaimed
1334,(unclaimed),unclaimed
1335,(unclaimed),unclaimed
1337,(unclaimed),unclaimed
1341,(unclaimed),unclaimed
1343,(unclaimed),unclaimed
1344,(unclaimed),unclaimed
1346,(unclaimed),unclaimed
1350,(unclaimed),unclaimed
1356,(unclaimed),unclaimed
1360,(unclaimed),unclaimed
1361,(unclaimed),unclaimed
1364,(unclaimed),unclaimed
1369,(unclaimed),unclaimed
1377,(unclaimed),unclaimed
1378,(unclaimed),unclaimed
1381,(unclaimed),unclaimed
1383,(unclaimed),unclaimed
1387,(unclaimed),unclaimed
1389,(unclaimed),unclaimed
1392,(unclaimed),unclaimed
1393,(unclaimed),unclaimed
1405,(unclaimed),unclaimed
1407,(unclaimed),unclaimed
1409,(unclaimed),unclaimed
1410,(unclaimed),unclaimed
1411,(unclaimed),unclaimed
1414,(unclaimed),unclaimed
1417,(unclaimed),unclaimed
1418,(unclaimed),unclaimed
1420,(unclaimed),unclaimed
1421,(unclaimed),unclaimed
1432,(unclaimed),unclaimed
1434,(unclaimed),unclaimed
1435,(unclaimed),unclaimed
1436,(unclaimed),unclaimed
1437,(unclaimed),unclaimed
1439,(unclaimed),unclaimed
1441,(unclaimed),unclaimed
1444,(unclaimed),unclaimed
1445,(unclaimed),unclaimed
1450,(unclaimed),unclaimed
1454,(unclaimed),unclaimed
1458,(unclaimed),unclaimed
1460,(unclaimed),unclaimed
1461,(unclaimed),unclaimed
1464,(unclaimed),unclaimed
1468,(unclaimed),unclaimed
1469,(unclaimed),unclaimed
1477,(unclaimed),unclaimed
1482,(unclaimed),unclaimed
1483,(unclaimed),unclaimed
1487,(unclaimed),unclaimed
1488,(unclaimed),unclaimed
1489,(unclaimed),unclaimed
1490,(unclaimed),unclaimed
1495,(unclaimed),unclaimed
1498,(unclaimed),unclaimed
1499,(unclaimed),unclaimed
1502,(unclaimed),unclaimed
1505,(unclaimed),unclaimed
1507,(unclaimed),unclaimed
1512,(unclaimed),unclaimed
1513,(unclaimed),unclaimed
1516,(unclaimed),unclaimed
1517,(unclaimed),unclaimed
1520,(unclaimed),unclaimed
1521,(unclaimed),unclaimed
1523,(unclaimed),unclaimed
1525,(unclaimed),unclaimed
1527,(unclaimed),unclaimed
1528,(unclaimed),unclaimed
1535,(unclaimed),unclaimed
1538,(unclaimed),unclaimed
1539,(unclaimed),unclaimed
1540,(unclaimed),unclaimed
1548,(unclaimed),unclaimed
1549,(unclaimed),unclaimed
1550,(unclaimed),unclaimed
1551,(unclaimed),unclaimed
1553,(unclaimed),unclaimed
1561,(unclaimed),unclaimed
1563,(unclaimed),unclaimed
1564,(unclaimed),unclaimed
1566,(unclaimed),unclaimed
1570,(unclaimed),unclaimed
1571,(unclaimed),unclaimed
1575,(unclaimed),unclaimed
1576,(unclaimed),unclaimed
1577,(unclaimed),unclaimed
1579,(unclaimed),unclaimed
1580,(unclaimed),unclaimed
1581,(unclaimed),unclaimed
1582,(unclaimed),unclaimed
1584,(unclaimed),unclaimed
1585,(unclaimed),unclaimed
1586,(unclaimed),unclaimed
1588,(unclaimed),unclaimed
1589,(unclaimed),unclaimed
1593,(unclaimed),unclaimed
1594,(unclaimed),unclaimed
1595,(unclaimed),unclaimed
1596,(unclaimed),unclaimed
1597,(unclaimed),unclaimed
1598,(unclaimed),unclaimed
1599,(unclaimed),unclaimed
1600,(unclaimed),unclaimed
1601,(unclaimed),unclaimed
1603,(unclaimed),unclaimed
1604,(unclaimed),unclaimed
1605,(unclaimed),unclaimed
1606,(unclaimed),unclaimed
1607,(unclaimed),unclaimed
1609,(unclaimed),unclaimed
1610,(unclaimed),unclaimed
1611,(unclaimed),unclaimed
1612,(unclaimed),unclaimed
1615,(unclaimed),unclaimed
1617,(unclaimed),unclaimed
1619,(unclaimed),unclaimed
1620,(unclaimed),unclaimed
1623,(unclaimed),unclaimed
1624,(unclaimed),unclaimed
1626,(unclaimed),unclaimed
1628,(unclaimed),unclaimed
1629,(unclaimed),unclaimed
1630,(unclaimed),unclaimed
1632,(unclaimed),unclaimed
1633,(unclaimed),unclaimed
1635,(unclaimed),unclaimed
1638,(unclaimed),unclaimed
1639,(unclaimed),unclaimed
1642,(unclaimed),unclaimed
1643,(unclaimed),unclaimed
1644,(unclaimed),unclaimed
1646,(unclaimed),unclaimed
1647,(unclaimed),unclaimed
1651,(unclaimed),unclaimed
1652,(unclaimed),unclaimed
1653,(unclaimed),unclaimed
1654,(unclaimed),unclaimed
1655,(unclaimed),unclaimed
1657,(unclaimed),unclaimed
1659,(unclaimed),unclaimed
1660,(unclaimed),unclaimed
1661,(unclaimed),unclaimed
1662,(unclaimed),unclaimed
1665,(unclaimed),unclaimed
1668,(unclaimed),unclaimed
1671,(unclaimed),unclaimed
1673,(unclaimed),unclaimed
1674,(unclaimed),unclaimed
1675,(unclaimed),unclaimed
1676,(unclaimed),unclaimed
1677,(unclaimed),unclaimed
1678,(unclaimed),unclaimed
1679,(unclaimed),unclaimed
1681,(unclaimed),unclaimed
1683,(unclaimed),unclaimed
1685,(unclaimed),unclaimed
1686,(unclaimed),unclaimed
1689,(unclaimed),unclaimed
1691,(unclaimed),unclaimed
1692,(unclaimed),unclaimed
1693,(unclaimed),unclaimed
1694,(unclaimed),unclaimed
1695,(unclaimed),unclaimed
1697,(unclaimed),unclaimed
1698,(unclaimed),unclaimed
1699,(unclaimed),unclaimed
1700,(unclaimed),unclaimed
1701,(unclaimed),unclaimed
1702,(unclaimed),unclaimed
1703,(unclaimed),unclaimed
1704,(unclaimed),unclaimed
1705,(unclaimed),unclaimed
1706,(unclaimed),unclaimed
1707,(unclaimed),unclaimed
1708,(unclaimed),unclaimed
1709,(unclaimed),unclaimed
1713,(unclaimed),unclaimed
1714,(unclaimed),unclaimed
1715,(unclaimed),unclaimed
1716,(unclaimed),unclaimed
1718,(unclaimed),unclaimed
1719,(unclaimed),unclaimed
1720,(unclaimed),unclaimed
1721,(unclaimed),unclaimed
1723,(unclaimed),unclaimed
1724,(unclaimed),unclaimed
1725,(unclaimed),unclaimed
1727,(unclaimed),unclaimed
1728,(unclaimed),unclaimed
1729,(unclaimed),unclaimed
1730,(unclaimed),unclaimed
1731,(unclaimed),unclaimed
1733,(unclaimed),unclaimed
1734,(unclaimed),unclaimed
1735,(unclaimed),unclaimed
1737,(unclaimed),unclaimed
1738,(unclaimed),unclaimed
1739,(unclaimed),unclaimed
1740,(unclaimed),unclaimed
1741,(unclaimed),unclaimed
1742,(unclaimed),unclaimed
1743,(unclaimed),unclaimed
1744,(unclaimed),unclaimed
1746,(unclaimed),unclaimed
1748,(unclaimed),unclaimed
1750,(unclaimed),unclaimed
1751,(unclaimed),unclaimed
1752,(unclaimed),unclaimed
1753,(unclaimed),unclaimed
1755,(unclaimed),unclaimed
1756,(unclaimed),unclaimed
1757,(unclaimed),unclaimed
1758,(unclaimed),unclaimed
1759,(unclaimed),unclaimed
1760,(unclaimed),unclaimed
1761,(unclaimed),unclaimed
1763,(unclaimed),unclaimed
1764,(unclaimed),unclaimed
1766,(unclaimed),unclaimed
1767,(unclaimed),unclaimed
1769,(unclaimed),unclaimed
1770,(unclaimed),unclaimed
1772,(unclaimed),unclaimed
1774,(unclaimed),unclaimed
1775,(unclaimed),unclaimed
1776,(unclaimed),unclaimed
1777,(unclaimed),unclaimed
1780,(unclaimed),unclaimed
1781,(unclaimed),unclaimed
1782,(unclaimed),unclaimed
1785,(unclaimed),unclaimed
1787,(unclaimed),unclaimed
1788,(unclaimed),unclaimed
1789,(unclaimed),unclaimed
1790,(unclaimed),unclaimed
1791,(unclaimed),unclaimed
1792,(unclaimed),unclaimed
1793,(unclaimed),unclaimed
1794,(unclaimed),unclaimed
1795,(unclaimed),unclaimed
1796,(unclaimed),unclaimed
1797,(unclaimed),unclaimed
1798,(unclaimed),unclaimed
1799,(unclaimed),unclaimed
1800,(unclaimed),unclaimed
1802,(unclaimed),unclaimed
1803,(unclaimed),unclaimed
1804,(unclaimed),unclaimed
1806,(unclaimed),unclaimed
1807,(unclaimed),unclaimed
1808,(unclaimed),unclaimed
1809,(unclaimed),unclaimed
1811,(unclaimed),unclaimed
1813,(unclaimed),unclaimed
1814,(unclaimed),unclaimed
1815,(unclaimed),unclaimed
1816,(unclaimed),unclaimed
1817,(unclaimed),unclaimed
1818,(unclaimed),unclaimed
1819,(unclaimed),unclaimed
1820,(unclaimed),unclaimed
1828,(unclaimed),unclaimed
1830,(unclaimed),unclaimed
1832,(unclaimed),unclaimed
1834,(unclaimed),unclaimed
1835,(unclaimed),unclaimed
1837,(unclaimed),unclaimed
1838,(unclaimed),unclaimed
1839,(unclaimed),unclaimed
1840,(unclaimed),unclaimed
1842,(unclaimed),unclaimed
1843,(unclaimed),unclaimed
1846,(unclaimed),unclaimed
1847,(unclaimed),unclaimed
1849,(unclaimed),unclaimed
1851,(unclaimed),unclaimed
1853,(unclaimed),unclaimed
1854,(unclaimed),unclaimed
1856,(unclaimed),unclaimed
1857,(unclaimed),unclaimed
1858,(unclaimed),unclaimed
1860,(unclaimed),unclaimed
1861,(unclaimed),unclaimed
1862,(unclaimed),unclaimed
1864,(unclaimed),unclaimed
1865,(unclaimed),unclaimed
1866,(unclaimed),unclaimed
1867,(unclaimed),unclaimed
1868,(unclaimed),unclaimed
1869,(unclaimed),unclaimed
1870,(unclaimed),unclaimed
1871,(unclaimed),unclaimed
1872,(unclaimed),unclaimed
1873,(unclaimed),unclaimed
1877,(unclaimed),unclaimed
1878,(unclaimed),unclaimed
1880,(unclaimed),unclaimed
1881,(unclaimed),unclaimed
1882,(unclaimed),unclaimed
1884,(unclaimed),unclaimed
1885,(unclaimed),unclaimed
1886,(unclaimed),unclaimed
1888,(unclaimed),unclaimed
1890,(unclaimed),unclaimed
1892,(unclaimed),unclaimed
1894,(unclaimed),unclaimed
1897,(unclaimed),unclaimed
1899,(unclaimed),unclaimed
1900,(unclaimed),unclaimed
1902,(unclaimed),unclaimed
1903,(unclaimed),unclaimed
1905,(unclaimed),unclaimed
1906,(unclaimed),unclaimed
1909,(unclaimed),unclaimed
1910,(unclaimed),unclaimed
1911,(unclaimed),unclaimed
1912,(unclaimed),unclaimed
1913,(unclaimed),unclaimed
1914,(unclaimed),unclaimed
1916,(unclaimed),unclaimed
1917,(unclaimed),unclaimed
1918,(unclaimed),unclaimed
1922,(unclaimed),unclaimed
1923,(unclaimed),unclaimed
1924,(unclaimed),unclaimed
1926,(unclaimed),unclaimed
1927,(unclaimed),unclaimed
1928,(unclaimed),unclaimed
1930,(unclaimed),unclaimed
1931,(unclaimed),unclaimed
1932,(unclaimed),unclaimed
1934,(unclaimed),unclaimed
1938,(unclaimed),unclaimed
1939,(unclaimed),unclaimed
1941,(unclaimed),unclaimed
1942,Amazon::Hub::RoutingSubTestCoordinatorTrait::State,direct
1943,(unclaimed),unclaimed
1946,(unclaimed),unclaimed
1947,(unclaimed),unclaimed
1950,(unclaimed),unclaimed
1951,(unclaimed),unclaimed
1952,(unclaimed),unclaimed
1953,(unclaimed),unclaimed
1955,(unclaimed),unclaimed
1956,(unclaimed),unclaimed
1958,(unclaimed),unclaimed
1960,(unclaimed),unclaimed
1961,(unclaimed),unclaimed
1962,(unclaimed),unclaimed
1963,(unclaimed),unclaimed
1964,(unclaimed),unclaimed
1968,(unclaimed),unclaimed
1969,(unclaimed),unclaimed
1970,(unclaimed),unclaimed
1971,(unclaimed),unclaimed
1973,(unclaimed),unclaimed
1976,(unclaimed),unclaimed
1978,(unclaimed),unclaimed
1979,(unclaimed),unclaimed
1980,(unclaimed),unclaimed
1982,(unclaimed),unclaimed
1983,(unclaimed),unclaimed
1988,(unclaimed),unclaimed
1990,(unclaimed),unclaimed
1992,(unclaimed),unclaimed
1993,(unclaimed),unclaimed
1994,(unclaimed),unclaimed
1997,(unclaimed),unclaimed
1998,(unclaimed),unclaimed
1999,(unclaimed),unclaimed
2001,(unclaimed),unclaimed
2004,(unclaimed),unclaimed
2010,(unclaimed),unclaimed
2012,(unclaimed),unclaimed
2020,(unclaimed),unclaimed
2021,(unclaimed),unclaimed
2023,(unclaimed),unclaimed
2025,(unclaimed),unclaimed
2026,(unclaimed),unclaimed
2027,(unclaimed),unclaimed
2030,(unclaimed),unclaimed
2031,(unclaimed),unclaimed
2035,(unclaimed),unclaimed
2038,(unclaimed),unclaimed
2039,(unclaimed),unclaimed
2044,(unclaimed),unclaimed
2046,(unclaimed),unclaimed
2048,(unclaimed),unclaimed
2049,(unclaimed),unclaimed
2051,(unclaimed),unclaimed
2054,(unclaimed),unclaimed
2056,(unclaimed),unclaimed
2057,(unclaimed),unclaimed
2059,(unclaimed),unclaimed
2060,(unclaimed),unclaimed
2061,(unclaimed),unclaimed
2062,(unclaimed),unclaimed
2063,(unclaimed),unclaimed
2064,(unclaimed),unclaimed
2065,(unclaimed),unclaimed
2066,(unclaimed),unclaimed
2067,(unclaimed),unclaimed
2068,(unclaimed),unclaimed
2069,(unclaimed),unclaimed
2071,(unclaimed),unclaimed
2073,(unclaimed),unclaimed
2075,(unclaimed),unclaimed
2077,(unclaimed),unclaimed
2078,(unclaimed),unclaimed
2079,(unclaimed),unclaimed
2080,(unclaimed),unclaimed
2081,(unclaimed),unclaimed
2082,(unclaimed),unclaimed
2084,(unclaimed),unclaimed
2085,(unclaimed),unclaimed
2086,(unclaimed),unclaimed
2089,(unclaimed),unclaimed
2092,(unclaimed),unclaimed
2093,(unclaimed),unclaimed
2094,(unclaimed),unclaimed
2099,(unclaimed),unclaimed
2101,(unclaimed),unclaimed
2103,(unclaimed),unclaimed
2104,(unclaimed),unclaimed
2107,(unclaimed),unclaimed
2110,(unclaimed),unclaimed
2111,(unclaimed),unclaimed
2113,(unclaimed),unclaimed
2115,(unclaimed),unclaimed
2119,(unclaimed),unclaimed
2120,(unclaimed),unclaimed
2122,(unclaimed),unclaimed
2124,(unclaimed),unclaimed
2125,(unclaimed),unclaimed
2126,(unclaimed),unclaimed
2128,(unclaimed),unclaimed
2131,(unclaimed),unclaimed
2132,(unclaimed),unclaimed
2133,(unclaimed),unclaimed
2134,(unclaimed),unclaimed
2137,(unclaimed),unclaimed
2139,(unclaimed),unclaimed
2140,(unclaimed),unclaimed
2141,(unclaimed),unclaimed
2142,(unclaimed),unclaimed
2145,(unclaimed),unclaimed
2146,(unclaimed),unclaimed
2149,(unclaimed),unclaimed
2150,(unclaimed),unclaimed
2152,(unclaimed),unclaimed
2153,(unclaimed),unclaimed
2155,(unclaimed),unclaimed
2158,(unclaimed),unclaimed
2159,(unclaimed),unclaimed
2161,(unclaimed),unclaimed
2163,(unclaimed),unclaimed
2164,(unclaimed),unclaimed
2166,(unclaimed),unclaimed
2167,(unclaimed),unclaimed
2168,(unclaimed),unclaimed
2169,(unclaimed),unclaimed
2170,(unclaimed),unclaimed
2171,(unclaimed),unclaimed
2173,(unclaimed),unclaimed
2175,(unclaimed),unclaimed
2176,(unclaimed),unclaimed
2178,(unclaimed),unclaimed
2179,(unclaimed),unclaimed
2180,(unclaimed),unclaimed
2181,(unclaimed),unclaimed
2182,(unclaimed),unclaimed
2184,(unclaimed),unclaimed
2186,(unclaimed),unclaimed
2187,(unclaimed),unclaimed
2189,(unclaimed),unclaimed
2190,(unclaimed),unclaimed
2191,(unclaimed),unclaimed
2196,(unclaimed),unclaimed
2197,(unclaimed),unclaimed
2198,(unclaimed),unclaimed
2199,(unclaimed),unclaimed
2201,(unclaimed),unclaimed
2202,(unclaimed),unclaimed
2203,(unclaimed),unclaimed
2204,(unclaimed),unclaimed
2208,(unclaimed),unclaimed
2209,(unclaimed),unclaimed
2210,(unclaimed),unclaimed
2212,(unclaimed),unclaimed
2214,Amazon::Hub::RoutingSubTestTrait::State,direct
2216,Amazon::Hub::RoutingSubTestTrait::OnSubRoutingChangedMsg,direct
2218,(unclaimed),unclaimed
2220,Amazon::Hub::RoutingSubTestTrait::TestStepTimeoutMsg,direct
2221,Amazon::Hub::RoutingSubTestActor,direct
2223,(unclaimed),unclaimed
2224,(unclaimed),unclaimed
2225,(unclaimed),unclaimed
2226,Amazon::Hub::RoutingSubTestActor::InitMsg,direct
2227,Amazon::Hub::RoutingSubTestCoordinatorTrait::AdvanceTestMsg,direct
2228,Amazon::Hub::RoutingSubTestCoordinatorTrait::OnActorMigratedMsg,direct
2230,(unclaimed),unclaimed
2231,OnListenerSubscribedMsg,registry-only
2233,Amazon::Hub::RoutingSubTestCoordinatorTrait::OnTargetCrashedMsg,direct
2234,(unclaimed),unclaimed
2236,(unclaimed),unclaimed
2237,Amazon::Hub::RoutingSubTestCoordinatorTrait::OnTargetSpawnedMsg,direct
2239,Amazon::Hub::RoutingSubTestCoordinatorTrait::RequestCrashMsg,direct
2240,RequestShutdownTargetMsg,registry-only
2241,RequestSpawnTargetMsg,registry-only
2242,(unclaimed),unclaimed
2243,Amazon::Hub::RoutingSubTestCoordinatorTrait::StartTestMsg,direct
2245,Amazon::Hub::RoutingSubTestCoordinatorTrait::OnPeerChangedMsg,direct
2246,Amazon::Hub::RoutingSubTestCoordinatorActor,direct
2247,(unclaimed),unclaimed
2251,Amazon::Hub::RoutingSubTestCoordinatorActor::InitMsg,direct
2252,(unclaimed),unclaimed
2253,(unclaimed),unclaimed
2259,(unclaimed),unclaimed
2260,(unclaimed),unclaimed
2264,(unclaimed),unclaimed
2267,(unclaimed),unclaimed
2269,(unclaimed),unclaimed
2270,(unclaimed),unclaimed
2271,(unclaimed),unclaimed
2272,(unclaimed),unclaimed
2275,(unclaimed),unclaimed
2277,(unclaimed),unclaimed
2278,(unclaimed),unclaimed
2279,(unclaimed),unclaimed
2285,(unclaimed),unclaimed
2287,(unclaimed),unclaimed
2288,(unclaimed),unclaimed
2291,(unclaimed),unclaimed
2292,(unclaimed),unclaimed
2295,(unclaimed),unclaimed
2296,(unclaimed),unclaimed
2297,(unclaimed),unclaimed
2299,(unclaimed),unclaimed
2301,(unclaimed),unclaimed
2309,(unclaimed),unclaimed
2311,(unclaimed),unclaimed
2312,(unclaimed),unclaimed
2313,(unclaimed),unclaimed
2314,(unclaimed),unclaimed
2315,(unclaimed),unclaimed
2317,(unclaimed),unclaimed
2318,(unclaimed),unclaimed
2319,(unclaimed),unclaimed
2320,(unclaimed),unclaimed
2325,(unclaimed),unclaimed
2326,(unclaimed),unclaimed
2329,(unclaimed),unclaimed
2330,(unclaimed),unclaimed
2331,(unclaimed),unclaimed
2332,(unclaimed),unclaimed
2333,(unclaimed),unclaimed
2334,(unclaimed),unclaimed
2335,(unclaimed),unclaimed
2337,(unclaimed),unclaimed
2338,(unclaimed),unclaimed
2340,(unclaimed),unclaimed
2342,(unclaimed),unclaimed
2343,(unclaimed),unclaimed
2344,(unclaimed),unclaimed
2345,(unclaimed),unclaimed
2347,(unclaimed),unclaimed
2348,(unclaimed),unclaimed
2349,(unclaimed),unclaimed
2352,(unclaimed),unclaimed
2353,(unclaimed),unclaimed
2358,(unclaimed),unclaimed
2359,(unclaimed),unclaimed
2360,(unclaimed),unclaimed
2363,(unclaimed),unclaimed
2365,(unclaimed),unclaimed
2368,(unclaimed),unclaimed
2369,(unclaimed),unclaimed
2370,(unclaimed),unclaimed
2371,(unclaimed),unclaimed
2376,(unclaimed),unclaimed
2380,(unclaimed),unclaimed
2382,(unclaimed),unclaimed
2385,(unclaimed),unclaimed
2386,(unclaimed),unclaimed
2387,(unclaimed),unclaimed
2388,(unclaimed),unclaimed
2392,(unclaimed),unclaimed
2400,(unclaimed),unclaimed
2401,(unclaimed),unclaimed
2406,(unclaimed),unclaimed
2407,(unclaimed),unclaimed
2408,(unclaimed),unclaimed
2409,(unclaimed),unclaimed
2412,(unclaimed),unclaimed
2413,(unclaimed),unclaimed
2414,(unclaimed),unclaimed
2415,(unclaimed),unclaimed
2416,(unclaimed),unclaimed
2417,(unclaimed),unclaimed
2419,(unclaimed),unclaimed
2421,(unclaimed),unclaimed
2422,(unclaimed),unclaimed
2426,(unclaimed),unclaimed
2427,(unclaimed),unclaimed
2428,(unclaimed),unclaimed
2429,(unclaimed),unclaimed
2431,(unclaimed),unclaimed
2432,(unclaimed),unclaimed
2434,(unclaimed),unclaimed
2435,(unclaimed),unclaimed
2436,(unclaimed),unclaimed
2438,(unclaimed),unclaimed
2439,(unclaimed),unclaimed
2442,(unclaimed),unclaimed
2443,(unclaimed),unclaimed
2444,(unclaimed),unclaimed
2445,(unclaimed),unclaimed
2446,(unclaimed),unclaimed
2447,(unclaimed),unclaimed
2448,(unclaimed),unclaimed
2451,(unclaimed),unclaimed
2453,(unclaimed),unclaimed
2454,(unclaimed),unclaimed
2455,(unclaimed),unclaimed
2456,(unclaimed),unclaimed
2457,(unclaimed),unclaimed
2458,(unclaimed),unclaimed
2459,(unclaimed),unclaimed
2461,(unclaimed),unclaimed
2462,(unclaimed),unclaimed
2464,(unclaimed),unclaimed
2465,(unclaimed),unclaimed
2466,(unclaimed),unclaimed
2467,(unclaimed),unclaimed
2468,(unclaimed),unclaimed
2469,(unclaimed),unclaimed
2471,(unclaimed),unclaimed
2472,(unclaimed),unclaimed
2473,(unclaimed),unclaimed
2474,(unclaimed),unclaimed
2475,(unclaimed),unclaimed
2476,(unclaimed),unclaimed
2477,(unclaimed),unclaimed
2479,(unclaimed),unclaimed
2480,(unclaimed),unclaimed
2481,(unclaimed),unclaimed
2482,(unclaimed),unclaimed
2483,(unclaimed),unclaimed
2484,(unclaimed),unclaimed
2485,(unclaimed),unclaimed
2488,(unclaimed),unclaimed
2489,(unclaimed),unclaimed
2490,(unclaimed),unclaimed
2491,(unclaimed),unclaimed
2493,(unclaimed),unclaimed
2494,(unclaimed),unclaimed
2496,(unclaimed),unclaimed
2498,(unclaimed),unclaimed
2499,(unclaimed),unclaimed
2500,(unclaimed),unclaimed
2501,(unclaimed),unclaimed
2503,(unclaimed),unclaimed
2504,(unclaimed),unclaimed
2506,(unclaimed),unclaimed
2507,(unclaimed),unclaimed
2509,(unclaimed),unclaimed
2510,(unclaimed),unclaimed
2511,(unclaimed),unclaimed
2512,(unclaimed),unclaimed
2513,(unclaimed),unclaimed
2514,(unclaimed),unclaimed
2515,(unclaimed),unclaimed
2516,(unclaimed),unclaimed
2518,(unclaimed),unclaimed
2519,(unclaimed),unclaimed
2522,(unclaimed),unclaimed
2523,(unclaimed),unclaimed
2524,(unclaimed),unclaimed
2525,(unclaimed),unclaimed
2526,(unclaimed),unclaimed
2527,(unclaimed),unclaimed
2528,(unclaimed),unclaimed
2529,(unclaimed),unclaimed
2530,(unclaimed),unclaimed
2531,(unclaimed),unclaimed
2532,(unclaimed),unclaimed
2533,(unclaimed),unclaimed
2534,(unclaimed),unclaimed
2535,(unclaimed),unclaimed
2536,(unclaimed),unclaimed
2538,(unclaimed),unclaimed
2539,(unclaimed),unclaimed
2540,(unclaimed),unclaimed
2542,(unclaimed),unclaimed
2543,(unclaimed),unclaimed
2544,(unclaimed),unclaimed
2545,(unclaimed),unclaimed
2547,(unclaimed),unclaimed
2549,(unclaimed),unclaimed
2550,(unclaimed),unclaimed
2551,(unclaimed),unclaimed
2552,(unclaimed),unclaimed
2553,(unclaimed),unclaimed
2555,(unclaimed),unclaimed
2556,(unclaimed),unclaimed
2557,(unclaimed),unclaimed
2558,(unclaimed),unclaimed
2560,(unclaimed),unclaimed
2561,(unclaimed),unclaimed
2563,(unclaimed),unclaimed
2564,(unclaimed),unclaimed
2565,(unclaimed),unclaimed
2568,(unclaimed),unclaimed
2569,(unclaimed),unclaimed
2570,(unclaimed),unclaimed
2571,(unclaimed),unclaimed
2572,(unclaimed),unclaimed
2574,(unclaimed),unclaimed
2576,(unclaimed),unclaimed
2578,(unclaimed),unclaimed
2579,(unclaimed),unclaimed
2582,(unclaimed),unclaimed
2583,(unclaimed),unclaimed
2584,(unclaimed),unclaimed
2585,(unclaimed),unclaimed
2591,(unclaimed),unclaimed
2592,(unclaimed),unclaimed
2594,(unclaimed),unclaimed
2596,(unclaimed),unclaimed
2598,(unclaimed),unclaimed
2599,(unclaimed),unclaimed
2600,(unclaimed),unclaimed
2601,(unclaimed),unclaimed
2609,(unclaimed),unclaimed
2610,(unclaimed),unclaimed
2613,(unclaimed),unclaimed
2617,(unclaimed),unclaimed
2624,(unclaimed),unclaimed
2629,(unclaimed),unclaimed
2633,(unclaimed),unclaimed
2637,(unclaimed),unclaimed
2643,(unclaimed),unclaimed
2645,(unclaimed),unclaimed
2646,(unclaimed),unclaimed
2652,(unclaimed),unclaimed
2654,(unclaimed),unclaimed
2655,(unclaimed),unclaimed
2656,(unclaimed),unclaimed
2668,(unclaimed),unclaimed
2679,(unclaimed),unclaimed
2684,(unclaimed),unclaimed
2690,(unclaimed),unclaimed
2692,(unclaimed),unclaimed
2696,(unclaimed),unclaimed
2698,(unclaimed),unclaimed
2700,(unclaimed),unclaimed
2701,(unclaimed),unclaimed
2706,(unclaimed),unclaimed
2709,(unclaimed),unclaimed
2713,(unclaimed),unclaimed
2719,(unclaimed),unclaimed
2720,(unclaimed),unclaimed
2722,(unclaimed),unclaimed
2724,(unclaimed),unclaimed
2726,(unclaimed),unclaimed
2728,(unclaimed),unclaimed
2729,(unclaimed),unclaimed
2733,(unclaimed),unclaimed
2734,(unclaimed),unclaimed
2738,(unclaimed),unclaimed
2739,(unclaimed),unclaimed
2740,(unclaimed),unclaimed
2741,(unclaimed),unclaimed
2742,(unclaimed),unclaimed
2743,(unclaimed),unclaimed
2744,(unclaimed),unclaimed
2745,(unclaimed),unclaimed
2746,(unclaimed),unclaimed
2747,(unclaimed),unclaimed
2749,(unclaimed),unclaimed
2750,(unclaimed),unclaimed
2751,(unclaimed),unclaimed
2753,(unclaimed),unclaimed
2754,(unclaimed),unclaimed
2755,(unclaimed),unclaimed
2757,(unclaimed),unclaimed
2759,(unclaimed),unclaimed
2762,(unclaimed),unclaimed
2764,(unclaimed),unclaimed
2767,(unclaimed),unclaimed
2768,(unclaimed),unclaimed
2770,(unclaimed),unclaimed
2771,(unclaimed),unclaimed
2772,(unclaimed),unclaimed
2774,(unclaimed),unclaimed
2775,(unclaimed),unclaimed
2776,(unclaimed),unclaimed
2777,(unclaimed),unclaimed
2779,(unclaimed),unclaimed
2780,(unclaimed),unclaimed
2781,(unclaimed),unclaimed
2782,(unclaimed),unclaimed
2784,(unclaimed),unclaimed
2785,(unclaimed),unclaimed
2789,(unclaimed),unclaimed
2791,(unclaimed),unclaimed
2793,(unclaimed),unclaimed
2799,(unclaimed),unclaimed
2801,(unclaimed),unclaimed
2802,(unclaimed),unclaimed
2803,(unclaimed),unclaimed
2805,(unclaimed),unclaimed
2810,(unclaimed),unclaimed
2811,(unclaimed),unclaimed
2812,(unclaimed),unclaimed
2814,(unclaimed),unclaimed
2815,(unclaimed),unclaimed
2817,(unclaimed),unclaimed
2818,(unclaimed),unclaimed
2819,(unclaimed),unclaimed
2823,(unclaimed),unclaimed
2825,(unclaimed),unclaimed
2826,(unclaimed),unclaimed
2827,(unclaimed),unclaimed
2828,(unclaimed),unclaimed
2829,(unclaimed),unclaimed
2830,(unclaimed),unclaimed
2831,(unclaimed),unclaimed
2832,(unclaimed),unclaimed
2833,(unclaimed),unclaimed
2834,(unclaimed),unclaimed
2840,(unclaimed),unclaimed
2843,(unclaimed),unclaimed
2846,(unclaimed),unclaimed
2847,(unclaimed),unclaimed
2848,(unclaimed),unclaimed
2850,(unclaimed),unclaimed
2851,(unclaimed),unclaimed
2855,(unclaimed),unclaimed
2856,(unclaimed),unclaimed
2857,(unclaimed),unclaimed
2858,(unclaimed),unclaimed
2863,(unclaimed),unclaimed
2864,(unclaimed),unclaimed
2867,(unclaimed),unclaimed
2870,(unclaimed),unclaimed
2872,(unclaimed),unclaimed
2885,(unclaimed),unclaimed
2886,(unclaimed),unclaimed
2887,(unclaimed),unclaimed
2891,(unclaimed),unclaimed
2895,(unclaimed),unclaimed
2898,(unclaimed),unclaimed
2899,(unclaimed),unclaimed
2900,(unclaimed),unclaimed
2905,(unclaimed),unclaimed
2909,(unclaimed),unclaimed
2912,(unclaimed),unclaimed
2913,(unclaimed),unclaimed
2917,(unclaimed),unclaimed
2920,(unclaimed),unclaimed
2921,(unclaimed),unclaimed
2922,(unclaimed),unclaimed
2923,(unclaimed),unclaimed
2930,(unclaimed),unclaimed
2931,(unclaimed),unclaimed
2932,(unclaimed),unclaimed
2933,(unclaimed),unclaimed
2934,(unclaimed),unclaimed
2935,(unclaimed),unclaimed
2937,(unclaimed),unclaimed
2938,(unclaimed),unclaimed
2939,(unclaimed),unclaimed
2942,(unclaimed),unclaimed
2945,(unclaimed),unclaimed
2946,(unclaimed),unclaimed
2947,(unclaimed),unclaimed
2950,(unclaimed),unclaimed
2957,(unclaimed),unclaimed
2958,(unclaimed),unclaimed
2959,(unclaimed),unclaimed
2961,(unclaimed),unclaimed
2962,(unclaimed),unclaimed
2963,(unclaimed),unclaimed
2964,(unclaimed),unclaimed
2965,(unclaimed),unclaimed
2967,(unclaimed),unclaimed
2968,(unclaimed),unclaimed
2972,(unclaimed),unclaimed
2975,(unclaimed),unclaimed
2976,(unclaimed),unclaimed
2977,(unclaimed),unclaimed
2978,(unclaimed),unclaimed
2981,(unclaimed),unclaimed
2982,(unclaimed),unclaimed
2985,(unclaimed),unclaimed
2988,(unclaimed),unclaimed
2990,(unclaimed),unclaimed
2991,(unclaimed),unclaimed
2992,(unclaimed),unclaimed
2993,(unclaimed),unclaimed
2994,(unclaimed),unclaimed
2996,(unclaimed),unclaimed
2997,(unclaimed),unclaimed
2998,(unclaimed),unclaimed
2999,(unclaimed),unclaimed
3002,(unclaimed),unclaimed
3003,(unclaimed),unclaimed
3004,(unclaimed),unclaimed
3006,(unclaimed),unclaimed
3007,(unclaimed),unclaimed
3008,(unclaimed),unclaimed
3010,(unclaimed),unclaimed
3012,(unclaimed),unclaimed
3013,(unclaimed),unclaimed
3014,(unclaimed),unclaimed
3015,(unclaimed),unclaimed
3017,(unclaimed),unclaimed
3030,(unclaimed),unclaimed
3031,(unclaimed),unclaimed
3034,(unclaimed),unclaimed
3035,(unclaimed),unclaimed
3042,(unclaimed),unclaimed
3043,(unclaimed),unclaimed
3044,(unclaimed),unclaimed
3045,(unclaimed),unclaimed
3046,(unclaimed),unclaimed
3047,(unclaimed),unclaimed
3048,(unclaimed),unclaimed
3049,(unclaimed),unclaimed
3051,(unclaimed),unclaimed
3052,(unclaimed),unclaimed
3054,(unclaimed),unclaimed
3055,(unclaimed),unclaimed
3058,(unclaimed),unclaimed
3072,(unclaimed),unclaimed
3081,(unclaimed),unclaimed
3086,(unclaimed),unclaimed
3087,(unclaimed),unclaimed
3091,(unclaimed),unclaimed
3092,(unclaimed),unclaimed
3093,(unclaimed),unclaimed
3094,(unclaimed),unclaimed
3100,(unclaimed),unclaimed
3104,(unclaimed),unclaimed
3105,(unclaimed),unclaimed
3107,(unclaimed),unclaimed
3108,(unclaimed),unclaimed
3109,(unclaimed),unclaimed
3110,(unclaimed),unclaimed
3111,(unclaimed),unclaimed
3112,(unclaimed),unclaimed
3113,(unclaimed),unclaimed
3115,(unclaimed),unclaimed
3118,(unclaimed),unclaimed
3120,(unclaimed),unclaimed
3122,(unclaimed),unclaimed
3123,(unclaimed),unclaimed
3126,(unclaimed),unclaimed
3128,(unclaimed),unclaimed
3129,(unclaimed),unclaimed
3130,(unclaimed),unclaimed
3133,(unclaimed),unclaimed
3134,(unclaimed),unclaimed
3135,(unclaimed),unclaimed
3139,(unclaimed),unclaimed
3141,(unclaimed),unclaimed
3143,(unclaimed),unclaimed
3147,(unclaimed),unclaimed
3149,(unclaimed),unclaimed
3151,(unclaimed),unclaimed
3152,(unclaimed),unclaimed
3153,(unclaimed),unclaimed
3154,(unclaimed),unclaimed
3158,(unclaimed),unclaimed
3159,(unclaimed),unclaimed
3161,(unclaimed),unclaimed
3162,(unclaimed),unclaimed
3163,(unclaimed),unclaimed
3164,(unclaimed),unclaimed
3170,(unclaimed),unclaimed
3172,(unclaimed),unclaimed
3173,(unclaimed),unclaimed
3175,(unclaimed),unclaimed
3176,(unclaimed),unclaimed
3178,(unclaimed),unclaimed
3179,(unclaimed),unclaimed
3180,(unclaimed),unclaimed
3181,(unclaimed),unclaimed
3182,(unclaimed),unclaimed
3183,(unclaimed),unclaimed
3194,(unclaimed),unclaimed
3196,(unclaimed),unclaimed
3197,(unclaimed),unclaimed
3199,(unclaimed),unclaimed
3200,(unclaimed),unclaimed
3201,(unclaimed),unclaimed
3202,(unclaimed),unclaimed
3204,(unclaimed),unclaimed
3206,(unclaimed),unclaimed
3208,(unclaimed),unclaimed
3209,(unclaimed),unclaimed
3210,(unclaimed),unclaimed
3211,(unclaimed),unclaimed
3212,(unclaimed),unclaimed
3213,(unclaimed),unclaimed
3217,(unclaimed),unclaimed
3219,(unclaimed),unclaimed
3227,(unclaimed),unclaimed
3228,(unclaimed),unclaimed
3231,(unclaimed),unclaimed
3232,(unclaimed),unclaimed
3233,(unclaimed),unclaimed
3234,(unclaimed),unclaimed
3236,(unclaimed),unclaimed
3239,(unclaimed),unclaimed
3240,(unclaimed),unclaimed
3241,(unclaimed),unclaimed
3242,(unclaimed),unclaimed
3243,(unclaimed),unclaimed
3244,(unclaimed),unclaimed
3245,(unclaimed),unclaimed
3246,(unclaimed),unclaimed
3247,(unclaimed),unclaimed
3248,(unclaimed),unclaimed
3252,(unclaimed),unclaimed
3253,(unclaimed),unclaimed
3257,(unclaimed),unclaimed
3269,(unclaimed),unclaimed
3270,(unclaimed),unclaimed
3271,(unclaimed),unclaimed
3272,(unclaimed),unclaimed
3273,(unclaimed),unclaimed
3274,(unclaimed),unclaimed
3277,(unclaimed),unclaimed
3290,(unclaimed),unclaimed
3295,(unclaimed),unclaimed
3299,(unclaimed),unclaimed
3309,(unclaimed),unclaimed
3310,(unclaimed),unclaimed
3311,(unclaimed),unclaimed
3312,(unclaimed),unclaimed
3313,(unclaimed),unclaimed
3314,(unclaimed),unclaimed
3317,(unclaimed),unclaimed
3321,(unclaimed),unclaimed
3324,(unclaimed),unclaimed
3329,(unclaimed),unclaimed
3340,(unclaimed),unclaimed
3342,(unclaimed),unclaimed
3344,(unclaimed),unclaimed
3348,(unclaimed),unclaimed
3356,(unclaimed),unclaimed
3359,(unclaimed),unclaimed
3362,(unclaimed),unclaimed
3363,(unclaimed),unclaimed
3364,(unclaimed),unclaimed
3366,(unclaimed),unclaimed
3374,(unclaimed),unclaimed
3375,(unclaimed),unclaimed
3379,(unclaimed),unclaimed
3393,(unclaimed),unclaimed
3401,(unclaimed),unclaimed
3404,(unclaimed),unclaimed
3405,(unclaimed),unclaimed
3406,(unclaimed),unclaimed
3407,(unclaimed),unclaimed
3408,(unclaimed),unclaimed
3410,(unclaimed),unclaimed
3411,(unclaimed),unclaimed
3412,(unclaimed),unclaimed
3413,(unclaimed),unclaimed
3414,(unclaimed),unclaimed
3422,(unclaimed),unclaimed
3435,(unclaimed),unclaimed
3441,(unclaimed),unclaimed
3447,(unclaimed),unclaimed
3449,(unclaimed),unclaimed
3450,(unclaimed),unclaimed
3451,(unclaimed),unclaimed
3452,(unclaimed),unclaimed
3453,(unclaimed),unclaimed
3454,(unclaimed),unclaimed
3455,(unclaimed),unclaimed
3456,(unclaimed),unclaimed
3457,(unclaimed),unclaimed
3458,(unclaimed),unclaimed
3459,(unclaimed),unclaimed
3460,(unclaimed),unclaimed
3461,(unclaimed),unclaimed
3462,(unclaimed),unclaimed
3463,(unclaimed),unclaimed
3465,(unclaimed),unclaimed
3466,(unclaimed),unclaimed
3467,(unclaimed),unclaimed
3468,(unclaimed),unclaimed
3469,(unclaimed),unclaimed
3470,(unclaimed),unclaimed
3471,(unclaimed),unclaimed
3473,(unclaimed),unclaimed
3474,(unclaimed),unclaimed
3475,(unclaimed),unclaimed
3477,(unclaimed),unclaimed
3480,(unclaimed),unclaimed
3481,(unclaimed),unclaimed
3482,(unclaimed),unclaimed
3483,(unclaimed),unclaimed
3484,(unclaimed),unclaimed
3485,(unclaimed),unclaimed
3486,(unclaimed),unclaimed
3489,(unclaimed),unclaimed
3490,(unclaimed),unclaimed
3491,(unclaimed),unclaimed
3492,(unclaimed),unclaimed
3495,(unclaimed),unclaimed
3497,(unclaimed),unclaimed
3498,(unclaimed),unclaimed
3499,(unclaimed),unclaimed
3500,(unclaimed),unclaimed
3501,(unclaimed),unclaimed
3502,(unclaimed),unclaimed
3504,(unclaimed),unclaimed
3505,(unclaimed),unclaimed
3506,(unclaimed),unclaimed
3507,(unclaimed),unclaimed
3509,(unclaimed),unclaimed
3510,(unclaimed),unclaimed
3513,(unclaimed),unclaimed
3515,(unclaimed),unclaimed
3517,(unclaimed),unclaimed
3518,(unclaimed),unclaimed
3519,(unclaimed),unclaimed
3520,(unclaimed),unclaimed
3521,(unclaimed),unclaimed
3522,(unclaimed),unclaimed
3523,(unclaimed),unclaimed
3530,(unclaimed),unclaimed
3540,(unclaimed),unclaimed
3542,(unclaimed),unclaimed
3543,(unclaimed),unclaimed
3548,(unclaimed),unclaimed
3554,(unclaimed),unclaimed
3563,(unclaimed),unclaimed
3579,(unclaimed),unclaimed
3580,(unclaimed),unclaimed
3581,(unclaimed),unclaimed
3585,(unclaimed),unclaimed
3589,(unclaimed),unclaimed
3593,(unclaimed),unclaimed
3596,(unclaimed),unclaimed
3598,(unclaimed),unclaimed
3599,(unclaimed),unclaimed
3600,(unclaimed),unclaimed
3601,(unclaimed),unclaimed
3602,(unclaimed),unclaimed
3603,(unclaimed),unclaimed
3604,(unclaimed),unclaimed
3605,(unclaimed),unclaimed
3606,(unclaimed),unclaimed
3607,(unclaimed),unclaimed
3608,(unclaimed),unclaimed
3609,(unclaimed),unclaimed
3610,(unclaimed),unclaimed
3611,(unclaimed),unclaimed
3612,(unclaimed),unclaimed
3613,(unclaimed),unclaimed
3614,(unclaimed),unclaimed
3615,(unclaimed),unclaimed
3616,(unclaimed),unclaimed
3617,(unclaimed),unclaimed
3618,(unclaimed),unclaimed
3620,(unclaimed),unclaimed
3621,(unclaimed),unclaimed
3622,(unclaimed),unclaimed
3623,(unclaimed),unclaimed
3626,(unclaimed),unclaimed
3627,(unclaimed),unclaimed
3628,(unclaimed),unclaimed
3629,(unclaimed),unclaimed
3630,(unclaimed),unclaimed
3631,(unclaimed),unclaimed
3632,(unclaimed),unclaimed
3633,(unclaimed),unclaimed
3635,(unclaimed),unclaimed
3638,(unclaimed),unclaimed
3639,(unclaimed),unclaimed
3643,(unclaimed),unclaimed
3646,(unclaimed),unclaimed
3648,(unclaimed),unclaimed
3649,(unclaimed),unclaimed
3651,(unclaimed),unclaimed
3652,(unclaimed),unclaimed
3653,(unclaimed),unclaimed
3654,(unclaimed),unclaimed
3655,(unclaimed),unclaimed
3656,(unclaimed),unclaimed
3657,(unclaimed),unclaimed
3660,(unclaimed),unclaimed
3662,(unclaimed),unclaimed
3663,(unclaimed),unclaimed
3664,(unclaimed),unclaimed
3665,(unclaimed),unclaimed
3669,(unclaimed),unclaimed
3677,(unclaimed),unclaimed
3679,(unclaimed),unclaimed
3681,(unclaimed),unclaimed
3682,(unclaimed),unclaimed
3683,(unclaimed),unclaimed
3684,(unclaimed),unclaimed
3685,(unclaimed),unclaimed
3686,(unclaimed),unclaimed
3687,(unclaimed),unclaimed
3690,(unclaimed),unclaimed
3691,(unclaimed),unclaimed
3692,(unclaimed),unclaimed
3694,(unclaimed),unclaimed
3695,(unclaimed),unclaimed
3696,(unclaimed),unclaimed
3697,(unclaimed),unclaimed
3699,(unclaimed),unclaimed
3700,(unclaimed),unclaimed
3701,(unclaimed),unclaimed
3704,(unclaimed),unclaimed
3708,(unclaimed),unclaimed
3710,(unclaimed),unclaimed
3711,(unclaimed),unclaimed
3712,(unclaimed),unclaimed
3713,(unclaimed),unclaimed
3716,(unclaimed),unclaimed
3717,(unclaimed),unclaimed
3723,(unclaimed),unclaimed
3730,(unclaimed),unclaimed
3732,(unclaimed),unclaimed
3733,(unclaimed),unclaimed
3736,(unclaimed),unclaimed
3738,(unclaimed),unclaimed
3739,(unclaimed),unclaimed
3740,(unclaimed),unclaimed
3741,(unclaimed),unclaimed
3743,(unclaimed),unclaimed
3744,(unclaimed),unclaimed
3746,(unclaimed),unclaimed
3752,(unclaimed),unclaimed
3754,(unclaimed),unclaimed
3757,(unclaimed),unclaimed
3758,(unclaimed),unclaimed
3759,(unclaimed),unclaimed
3760,(unclaimed),unclaimed
3761,(unclaimed),unclaimed
3762,(unclaimed),unclaimed
3764,(unclaimed),unclaimed
3765,(unclaimed),unclaimed
3766,(unclaimed),unclaimed
3767,(unclaimed),unclaimed
3768,(unclaimed),unclaimed
3769,(unclaimed),unclaimed
3771,(unclaimed),unclaimed
3772,(unclaimed),unclaimed
3773,(unclaimed),unclaimed
3774,(unclaimed),unclaimed
3776,(unclaimed),unclaimed
3780,(unclaimed),unclaimed
3783,(unclaimed),unclaimed
3784,(unclaimed),unclaimed
3785,(unclaimed),unclaimed
3786,(unclaimed),unclaimed
3790,(unclaimed),unclaimed
3791,(unclaimed),unclaimed
3793,(unclaimed),unclaimed
3794,(unclaimed),unclaimed
3795,(unclaimed),unclaimed
3796,(unclaimed),unclaimed
3797,(unclaimed),unclaimed
3799,(unclaimed),unclaimed
3800,(unclaimed),unclaimed
3801,(unclaimed),unclaimed
3802,(unclaimed),unclaimed
3804,(unclaimed),unclaimed
3807,(unclaimed),unclaimed
3809,(unclaimed),unclaimed
3810,(unclaimed),unclaimed
3811,(unclaimed),unclaimed
3812,(unclaimed),unclaimed
3815,(unclaimed),unclaimed
3816,(unclaimed),unclaimed
3817,(unclaimed),unclaimed
3818,(unclaimed),unclaimed
3819,(unclaimed),unclaimed
3823,(unclaimed),unclaimed
3824,(unclaimed),unclaimed
3826,(unclaimed),unclaimed
3827,(unclaimed),unclaimed
3828,(unclaimed),unclaimed
3829,(unclaimed),unclaimed
3836,(unclaimed),unclaimed
3837,(unclaimed),unclaimed
3839,(unclaimed),unclaimed
3841,(unclaimed),unclaimed
3842,(unclaimed),unclaimed
3843,(unclaimed),unclaimed
3846,(unclaimed),unclaimed
3847,(unclaimed),unclaimed
3848,(unclaimed),unclaimed
3849,(unclaimed),unclaimed
3850,(unclaimed),unclaimed
3857,(unclaimed),unclaimed
3859,(unclaimed),unclaimed
3860,(unclaimed),unclaimed
3861,(unclaimed),unclaimed
3862,(unclaimed),unclaimed
3863,(unclaimed),unclaimed
3864,(unclaimed),unclaimed
3865,(unclaimed),unclaimed
3867,(unclaimed),unclaimed
3868,(unclaimed),unclaimed
3869,(unclaimed),unclaimed
3870,(unclaimed),unclaimed
3871,(unclaimed),unclaimed
3872,(unclaimed),unclaimed
3873,(unclaimed),unclaimed
3874,(unclaimed),unclaimed
3875,(unclaimed),unclaimed
3876,(unclaimed),unclaimed
3877,(unclaimed),unclaimed
3878,(unclaimed),unclaimed
3879,(unclaimed),unclaimed
3880,(unclaimed),unclaimed
3881,(unclaimed),unclaimed
3882,(unclaimed),unclaimed
3883,(unclaimed),unclaimed
3885,(unclaimed),unclaimed
3886,(unclaimed),unclaimed
3887,(unclaimed),unclaimed
3888,(unclaimed),unclaimed
3890,(unclaimed),unclaimed
3891,(unclaimed),unclaimed
3892,(unclaimed),unclaimed
3893,(unclaimed),unclaimed
3895,(unclaimed),unclaimed
3896,(unclaimed),unclaimed
3897,(unclaimed),unclaimed
3898,(unclaimed),unclaimed
3899,(unclaimed),unclaimed
3900,(unclaimed),unclaimed
3902,(unclaimed),unclaimed
3903,(unclaimed),unclaimed
3904,(unclaimed),unclaimed
3911,(unclaimed),unclaimed
3912,(unclaimed),unclaimed
3914,(unclaimed),unclaimed
3916,(unclaimed),unclaimed
3918,(unclaimed),unclaimed
3920,(unclaimed),unclaimed
3924,(unclaimed),unclaimed
3925,(unclaimed),unclaimed
3926,(unclaimed),unclaimed
3927,(unclaimed),unclaimed
3928,(unclaimed),unclaimed
3929,(unclaimed),unclaimed
3932,(unclaimed),unclaimed
3935,(unclaimed),unclaimed
3938,(unclaimed),unclaimed
3939,(unclaimed),unclaimed
3940,(unclaimed),unclaimed
3941,(unclaimed),unclaimed
3942,(unclaimed),unclaimed
3944,(unclaimed),unclaimed
3949,(unclaimed),unclaimed
3950,(unclaimed),unclaimed
3951,(unclaimed),unclaimed
3952,(unclaimed),unclaimed
3953,(unclaimed),unclaimed
3954,(unclaimed),unclaimed
3956,(unclaimed),unclaimed
3957,(unclaimed),unclaimed
3962,(unclaimed),unclaimed
3963,(unclaimed),unclaimed
3964,(unclaimed),unclaimed
3966,(unclaimed),unclaimed
3967,(unclaimed),unclaimed
3968,(unclaimed),unclaimed
3970,(unclaimed),unclaimed
3971,(unclaimed),unclaimed
3975,(unclaimed),unclaimed
3977,(unclaimed),unclaimed
3980,(unclaimed),unclaimed
3981,(unclaimed),unclaimed
3984,(unclaimed),unclaimed
3986,(unclaimed),unclaimed
3987,(unclaimed),unclaimed
3988,(unclaimed),unclaimed
4003,(unclaimed),unclaimed
4004,(unclaimed),unclaimed
4005,(unclaimed),unclaimed
4007,(unclaimed),unclaimed
4008,(unclaimed),unclaimed
4009,(unclaimed),unclaimed
4010,(unclaimed),unclaimed
4012,(unclaimed),unclaimed
4013,(unclaimed),unclaimed
4014,(unclaimed),unclaimed
4015,(unclaimed),unclaimed
4019,(unclaimed),unclaimed
4023,(unclaimed),unclaimed
4024,(unclaimed),unclaimed
4026,(unclaimed),unclaimed
4027,(unclaimed),unclaimed
4030,(unclaimed),unclaimed
4031,(unclaimed),unclaimed
4032,(unclaimed),unclaimed
4033,(unclaimed),unclaimed
4034,(unclaimed),unclaimed
4035,(unclaimed),unclaimed
4037,(unclaimed),unclaimed
4038,(unclaimed),unclaimed
4039,(unclaimed),unclaimed
4040,(unclaimed),unclaimed
4041,(unclaimed),unclaimed
4051,(unclaimed),unclaimed
4055,(unclaimed),unclaimed
4056,(unclaimed),unclaimed
4062,(unclaimed),unclaimed
4063,(unclaimed),unclaimed
4064,(unclaimed),unclaimed
4065,(unclaimed),unclaimed
4066,(unclaimed),unclaimed
4068,(unclaimed),unclaimed
4069,(unclaimed),unclaimed
4070,(unclaimed),unclaimed
4071,(unclaimed),unclaimed
4072,(unclaimed),unclaimed
4073,(unclaimed),unclaimed
4090,(unclaimed),unclaimed
4091,(unclaimed),unclaimed
4103,(unclaimed),unclaimed
4105,(unclaimed),unclaimed
4110,(unclaimed),unclaimed
4111,(unclaimed),unclaimed
4112,(unclaimed),unclaimed
4117,(unclaimed),unclaimed
4118,(unclaimed),unclaimed
4119,(unclaimed),unclaimed
4120,(unclaimed),unclaimed
4121,(unclaimed),unclaimed
4122,(unclaimed),unclaimed
4124,(unclaimed),unclaimed
4125,(unclaimed),unclaimed
4126,(unclaimed),unclaimed
4127,(unclaimed),unclaimed
4128,(unclaimed),unclaimed
4129,(unclaimed),unclaimed
4131,(unclaimed),unclaimed
4132,(unclaimed),unclaimed
4133,(unclaimed),unclaimed
4134,(unclaimed),unclaimed
4135,(unclaimed),unclaimed
4136,(unclaimed),unclaimed
4137,(unclaimed),unclaimed
4138,(unclaimed),unclaimed
4139,(unclaimed),unclaimed
4140,(unclaimed),unclaimed
4141,(unclaimed),unclaimed
4142,(unclaimed),unclaimed
4143,(unclaimed),unclaimed
4144,(unclaimed),unclaimed
4145,(unclaimed),unclaimed
4146,(unclaimed),unclaimed
4147,(unclaimed),unclaimed
4148,(unclaimed),unclaimed
4149,(unclaimed),unclaimed
4150,(unclaimed),unclaimed
4153,(unclaimed),unclaimed
4155,(unclaimed),unclaimed
4158,(unclaimed),unclaimed
4159,(unclaimed),unclaimed
4160,(unclaimed),unclaimed
4161,(unclaimed),unclaimed
4163,(unclaimed),unclaimed
4176,(unclaimed),unclaimed
4177,(unclaimed),unclaimed
4178,(unclaimed),unclaimed
4179,(unclaimed),unclaimed
4180,(unclaimed),unclaimed
4182,(unclaimed),unclaimed
4184,(unclaimed),unclaimed
4185,(unclaimed),unclaimed
4194,(unclaimed),unclaimed
4198,(unclaimed),unclaimed
4199,(unclaimed),unclaimed
4200,(unclaimed),unclaimed
4202,(unclaimed),unclaimed
4203,(unclaimed),unclaimed
4204,(unclaimed),unclaimed
4205,(unclaimed),unclaimed
4208,(unclaimed),unclaimed
4209,(unclaimed),unclaimed
4210,(unclaimed),unclaimed
4212,(unclaimed),unclaimed
4213,(unclaimed),unclaimed
4214,(unclaimed),unclaimed
4216,(unclaimed),unclaimed
4217,(unclaimed),unclaimed
4219,(unclaimed),unclaimed
4220,(unclaimed),unclaimed
4221,(unclaimed),unclaimed
4222,(unclaimed),unclaimed
4224,(unclaimed),unclaimed
4229,(unclaimed),unclaimed
4230,(unclaimed),unclaimed
4231,(unclaimed),unclaimed
4236,(unclaimed),unclaimed
4239,(unclaimed),unclaimed
4240,(unclaimed),unclaimed
4241,(unclaimed),unclaimed
4245,(unclaimed),unclaimed
4246,(unclaimed),unclaimed
4247,(unclaimed),unclaimed
4248,(unclaimed),unclaimed
4249,(unclaimed),unclaimed
4251,(unclaimed),unclaimed
4252,(unclaimed),unclaimed
4253,(unclaimed),unclaimed
4254,(unclaimed),unclaimed
4255,(unclaimed),unclaimed
4256,(unclaimed),unclaimed
4259,(unclaimed),unclaimed
4260,(unclaimed),unclaimed
4261,(unclaimed),unclaimed
4263,(unclaimed),unclaimed
4266,(unclaimed),unclaimed
4267,(unclaimed),unclaimed
4268,(unclaimed),unclaimed
4270,(unclaimed),unclaimed
4272,(unclaimed),unclaimed
4273,(unclaimed),unclaimed
4274,(unclaimed),unclaimed
4275,(unclaimed),unclaimed
4276,(unclaimed),unclaimed
4277,(unclaimed),unclaimed
4278,(unclaimed),unclaimed
4279,(unclaimed),unclaimed
4280,(unclaimed),unclaimed
4281,(unclaimed),unclaimed
4282,(unclaimed),unclaimed
4283,(unclaimed),unclaimed
4284,(unclaimed),unclaimed
4286,(unclaimed),unclaimed
4289,(unclaimed),unclaimed
4290,(unclaimed),unclaimed
4291,(unclaimed),unclaimed
4293,(unclaimed),unclaimed
4294,(unclaimed),unclaimed
4295,(unclaimed),unclaimed
4296,(unclaimed),unclaimed
4297,(unclaimed),unclaimed
4298,(unclaimed),unclaimed
4299,(unclaimed),unclaimed
4301,(unclaimed),unclaimed
4302,(unclaimed),unclaimed
4303,(unclaimed),unclaimed
4310,(unclaimed),unclaimed
4312,(unclaimed),unclaimed
4313,(unclaimed),unclaimed
4315,(unclaimed),unclaimed
4316,(unclaimed),unclaimed
4317,(unclaimed),unclaimed
4318,(unclaimed),unclaimed
4320,(unclaimed),unclaimed
4321,(unclaimed),unclaimed
4326,(unclaimed),unclaimed
4327,(unclaimed),unclaimed
4328,(unclaimed),unclaimed
4329,(unclaimed),unclaimed
4330,(unclaimed),unclaimed
4331,(unclaimed),unclaimed
4333,(unclaimed),unclaimed
4334,(unclaimed),unclaimed
4335,(unclaimed),unclaimed
4336,(unclaimed),unclaimed
4337,(unclaimed),unclaimed
4338,(unclaimed),unclaimed
4340,(unclaimed),unclaimed
4341,(unclaimed),unclaimed
4342,(unclaimed),unclaimed
4343,(unclaimed),unclaimed
4344,(unclaimed),unclaimed
4345,(unclaimed),unclaimed
4347,(unclaimed),unclaimed
4348,(unclaimed),unclaimed
4349,(unclaimed),unclaimed
4350,(unclaimed),unclaimed
4351,(unclaimed),unclaimed
4352,(unclaimed),unclaimed
4353,(unclaimed),unclaimed
4354,(unclaimed),unclaimed
4355,(unclaimed),unclaimed
4356,(unclaimed),unclaimed
4357,(unclaimed),unclaimed
4402,(unclaimed),unclaimed
4457,(unclaimed),unclaimed
4458,(unclaimed),unclaimed
4459,(unclaimed),unclaimed
4460,(unclaimed),unclaimed
4461,(unclaimed),unclaimed
4464,(unclaimed),unclaimed
4514,(unclaimed),unclaimed
4584,(unclaimed),unclaimed
4601,(unclaimed),unclaimed
4656,(unclaimed),unclaimed
4657,(unclaimed),unclaimed
4658,(unclaimed),unclaimed
4671,(unclaimed),unclaimed
4679,(unclaimed),unclaimed
4702,(unclaimed),unclaimed
4715,(unclaimed),unclaimed
4719,(unclaimed),unclaimed
4722,(unclaimed),unclaimed
4723,(unclaimed),unclaimed
4724,(unclaimed),unclaimed
4726,(unclaimed),unclaimed
4737,(unclaimed),unclaimed
4739,(unclaimed),unclaimed
4744,(unclaimed),unclaimed
4751,(unclaimed),unclaimed
4754,(unclaimed),unclaimed
4760,(unclaimed),unclaimed
4761,(unclaimed),unclaimed
4762,(unclaimed),unclaimed
4763,(unclaimed),unclaimed
4764,(unclaimed),unclaimed
4765,(unclaimed),unclaimed
4766,(unclaimed),unclaimed
4767,(unclaimed),unclaimed
4768,(unclaimed),unclaimed
4769,(unclaimed),unclaimed
4770,(unclaimed),unclaimed
4771,(unclaimed),unclaimed
4772,(unclaimed),unclaimed
4773,(unclaimed),unclaimed
4774,(unclaimed),unclaimed
4794,(unclaimed),unclaimed
4797,(unclaimed),unclaimed
4798,(unclaimed),unclaimed
4799,(unclaimed),unclaimed
4800,(unclaimed),unclaimed
4808,(unclaimed),unclaimed
4810,(unclaimed),unclaimed
4813,(unclaimed),unclaimed
4814,(unclaimed),unclaimed
4815,(unclaimed),unclaimed
4816,(unclaimed),unclaimed
4817,(unclaimed),unclaimed
4820,(unclaimed),unclaimed
4821,(unclaimed),unclaimed
4823,(unclaimed),unclaimed
4825,(unclaimed),unclaimed
4827,(unclaimed),unclaimed
4828,(unclaimed),unclaimed
4830,(unclaimed),unclaimed
4831,(unclaimed),unclaimed
4838,(unclaimed),unclaimed
4839,(unclaimed),unclaimed
4840,(unclaimed),unclaimed
4841,(unclaimed),unclaimed
4842,(unclaimed),unclaimed
4843,(unclaimed),unclaimed
4844,(unclaimed),unclaimed
4845,(unclaimed),unclaimed
4847,(unclaimed),unclaimed
4849,(unclaimed),unclaimed
4850,(unclaimed),unclaimed
4851,(unclaimed),unclaimed
4852,(unclaimed),unclaimed
4854,(unclaimed),unclaimed
4855,(unclaimed),unclaimed
4856,(unclaimed),unclaimed
4857,(unclaimed),unclaimed
4858,(unclaimed),unclaimed
4859,(unclaimed),unclaimed
4863,(unclaimed),unclaimed
4865,(unclaimed),unclaimed
4866,(unclaimed),unclaimed
4867,(unclaimed),unclaimed
4869,(unclaimed),unclaimed
4872,(unclaimed),unclaimed
4876,(unclaimed),unclaimed
4877,(unclaimed),unclaimed
4878,(unclaimed),unclaimed
4879,(unclaimed),unclaimed
4881,(unclaimed),unclaimed
4882,(unclaimed),unclaimed
4883,(unclaimed),unclaimed
4884,(unclaimed),unclaimed
4889,(unclaimed),unclaimed
4890,(unclaimed),unclaimed
4891,(unclaimed),unclaimed
4892,(unclaimed),unclaimed
4896,(unclaimed),unclaimed
4898,(unclaimed),unclaimed
4899,(unclaimed),unclaimed
4900,(unclaimed),unclaimed
4901,(unclaimed),unclaimed
4903,(unclaimed),unclaimed
4904,(unclaimed),unclaimed
4906,(unclaimed),unclaimed
4908,(unclaimed),unclaimed
4910,(unclaimed),unclaimed
4911,(unclaimed),unclaimed
4912,(unclaimed),unclaimed
4913,(unclaimed),unclaimed
4926,(unclaimed),unclaimed
4931,(unclaimed),unclaimed
4932,(unclaimed),unclaimed
4933,(unclaimed),unclaimed
4937,(unclaimed),unclaimed
4940,(unclaimed),unclaimed
4941,(unclaimed),unclaimed
4945,(unclaimed),unclaimed
4948,(unclaimed),unclaimed
4951,(unclaimed),unclaimed
4952,(unclaimed),unclaimed
4953,(unclaimed),unclaimed
4954,(unclaimed),unclaimed
4959,(unclaimed),unclaimed
4962,(unclaimed),unclaimed
4963,(unclaimed),unclaimed
4970,(unclaimed),unclaimed
4971,(unclaimed),unclaimed
4977,(unclaimed),unclaimed
4978,(unclaimed),unclaimed
4982,(unclaimed),unclaimed
4983,(unclaimed),unclaimed
4984,(unclaimed),unclaimed
4985,(unclaimed),unclaimed
4987,(unclaimed),unclaimed
4989,(unclaimed),unclaimed
4990,(unclaimed),unclaimed
4991,(unclaimed),unclaimed
4992,(unclaimed),unclaimed
4993,(unclaimed),unclaimed
4994,(unclaimed),unclaimed
4995,(unclaimed),unclaimed
4996,ActorMover::TimeoutMigrationsMsg,direct
4997,(unclaimed),unclaimed
5000,(unclaimed),unclaimed
5001,(unclaimed),unclaimed
5004,(unclaimed),unclaimed
5005,(unclaimed),unclaimed
5006,(unclaimed),unclaimed
5007,(unclaimed),unclaimed
5011,(unclaimed),unclaimed
5015,(unclaimed),unclaimed
5016,(unclaimed),unclaimed
5017,(unclaimed),unclaimed
5019,(unclaimed),unclaimed
5022,(unclaimed),unclaimed
5023,(unclaimed),unclaimed
5024,(unclaimed),unclaimed
5027,(unclaimed),unclaimed
5032,ActorMover::CompleteDelayedMigrationsMsg,direct
5033,ActorMover::DelayMigrationsMsg,direct
5035,(unparseable),hi
5036,(unclaimed),unclaimed
5037,(unclaimed),unclaimed
5038,(unclaimed),unclaimed
5039,(unclaimed),unclaimed
5041,(unclaimed),unclaimed
5042,(unclaimed),unclaimed
5044,ActorMover::CrashMoveActorMsg,direct
5045,ActorMover::CrashMoveActorToHubMsg,direct
5046,ActorMover::CrashReceiveActorMsg,direct
5047,(unclaimed),unclaimed
5048,(unclaimed),unclaimed
5053,(unclaimed),unclaimed
5056,(unclaimed),unclaimed
5057,(unclaimed),unclaimed
5059,(unclaimed),unclaimed
5062,(unclaimed),unclaimed
5064,(unclaimed),unclaimed
5070,(unclaimed),unclaimed
5073,(unclaimed),unclaimed
5078,(unclaimed),unclaimed
5081,(unclaimed),unclaimed
5087,(unclaimed),unclaimed
5088,(unclaimed),unclaimed
5091,(unclaimed),unclaimed
5099,(unclaimed),unclaimed
5100,(unclaimed),unclaimed
5101,(unclaimed),unclaimed
5102,(unclaimed),unclaimed
5105,(unclaimed),unclaimed
5107,(unclaimed),unclaimed
5108,(unclaimed),unclaimed
5109,(unclaimed),unclaimed
5110,(unclaimed),unclaimed
5113,(unclaimed),unclaimed
5116,(unclaimed),unclaimed
5117,(unclaimed),unclaimed
5118,(unclaimed),unclaimed
5119,(unclaimed),unclaimed
5123,(unclaimed),unclaimed
5124,(unclaimed),unclaimed
5127,(unclaimed),unclaimed
5133,(unclaimed),unclaimed
5151,(unclaimed),unclaimed
5152,(unclaimed),unclaimed
5154,(unclaimed),unclaimed
5157,(unclaimed),unclaimed
5158,(unclaimed),unclaimed
5159,(unclaimed),unclaimed
5165,(unclaimed),unclaimed
5166,(unclaimed),unclaimed
5170,(unclaimed),unclaimed
5172,(unclaimed),unclaimed
5175,(unclaimed),unclaimed
5178,(unclaimed),unclaimed
5181,(unclaimed),unclaimed
5186,(unclaimed),unclaimed
5187,(unclaimed),unclaimed
5188,(unclaimed),unclaimed
5190,(unclaimed),unclaimed
5192,(unclaimed),unclaimed
5193,(unclaimed),unclaimed
5195,(unclaimed),unclaimed
5196,(unclaimed),unclaimed
5197,(unclaimed),unclaimed
5200,(unclaimed),unclaimed
5201,(unclaimed),unclaimed
5202,(unclaimed),unclaimed
5204,(unclaimed),unclaimed
5205,(unclaimed),unclaimed
5206,(unclaimed),unclaimed
5207,(unclaimed),unclaimed
5208,(unclaimed),unclaimed
5209,(unclaimed),unclaimed
5210,(unclaimed),unclaimed
5211,(unclaimed),unclaimed
5212,(unclaimed),unclaimed
5213,(unclaimed),unclaimed
5214,(unclaimed),unclaimed
5215,(unclaimed),unclaimed
5223,(unclaimed),unclaimed
5224,(unclaimed),unclaimed
5227,(unclaimed),unclaimed
5230,(unclaimed),unclaimed
5231,(unclaimed),unclaimed
5232,(unclaimed),unclaimed
5233,(unclaimed),unclaimed
5234,(unclaimed),unclaimed
5235,(unclaimed),unclaimed
5239,(unclaimed),unclaimed
5242,(unclaimed),unclaimed
5244,(unclaimed),unclaimed
5245,(unclaimed),unclaimed
5249,(unclaimed),unclaimed
5251,(unclaimed),unclaimed
5253,(unclaimed),unclaimed
5254,(unclaimed),unclaimed
5255,(unclaimed),unclaimed
5257,(unclaimed),unclaimed
5258,(unclaimed),unclaimed
5259,(unclaimed),unclaimed
5261,(unclaimed),unclaimed
5262,(unclaimed),unclaimed
5263,(unclaimed),unclaimed
5264,(unclaimed),unclaimed
5265,(unclaimed),unclaimed
5266,(unclaimed),unclaimed
5267,(unclaimed),unclaimed
5268,(unclaimed),unclaimed
5269,(unclaimed),unclaimed
5271,(unclaimed),unclaimed
5275,(unclaimed),unclaimed
5276,(unclaimed),unclaimed
5277,(unclaimed),unclaimed
5278,(unclaimed),unclaimed
5280,(unclaimed),unclaimed
5283,(unclaimed),unclaimed
5290,(unclaimed),unclaimed
5291,(unclaimed),unclaimed
5293,(unclaimed),unclaimed
5294,(unclaimed),unclaimed
5297,(unclaimed),unclaimed
5298,(unclaimed),unclaimed
5301,Amazon::Hub::StopActorImmediateMessage,direct
5302,(unclaimed),unclaimed
5308,(unclaimed),unclaimed
5309,(unclaimed),unclaimed
5310,(unclaimed),unclaimed
5311,(unclaimed),unclaimed
5317,(unclaimed),unclaimed
5318,(unclaimed),unclaimed
5322,(unclaimed),unclaimed
5323,(unclaimed),unclaimed
5324,(unclaimed),unclaimed
5325,(unclaimed),unclaimed
5327,(unclaimed),unclaimed
5330,(unclaimed),unclaimed
5331,(unclaimed),unclaimed
5332,(unclaimed),unclaimed
5333,(unclaimed),unclaimed
5334,(unclaimed),unclaimed
5335,(unclaimed),unclaimed
5336,(unclaimed),unclaimed
5337,(unclaimed),unclaimed
5338,(unclaimed),unclaimed
5339,(unclaimed),unclaimed
5341,(unclaimed),unclaimed
5342,ActorMover::CancelMovementMsg,direct
5343,ActorMover::TimeoutMigrationsAtCommitMsg,direct
5344,Amazon::Hub::RepForwardingTrait,direct
5345,Amazon::Hub::RepForwardingTrait::State,direct
5346,Amazon::Hub::RepForwardingTrait::ToHubDebugMsg,direct
5349,(unclaimed),unclaimed
5353,(unclaimed),unclaimed
5354,(unclaimed),unclaimed
5355,(unclaimed),unclaimed
5360,(unclaimed),unclaimed
5361,(unclaimed),unclaimed
5363,(unclaimed),unclaimed
5364,(unclaimed),unclaimed
5365,(unclaimed),unclaimed
5368,(unclaimed),unclaimed
5369,(unclaimed),unclaimed
5370,(unclaimed),unclaimed
5371,(unclaimed),unclaimed
5372,(unclaimed),unclaimed
5375,(unclaimed),unclaimed
5377,(unclaimed),unclaimed
5380,(unclaimed),unclaimed
5383,(unclaimed),unclaimed
5390,(unclaimed),unclaimed
5392,(unclaimed),unclaimed
5394,(unclaimed),unclaimed
5395,(unclaimed),unclaimed
5397,(unclaimed),unclaimed
5398,(unclaimed),unclaimed
5399,(unclaimed),unclaimed
5407,(unclaimed),unclaimed
5409,(unclaimed),unclaimed
5410,(unclaimed),unclaimed
5412,(unclaimed),unclaimed
5413,(unclaimed),unclaimed
5417,(unclaimed),unclaimed
5418,(unclaimed),unclaimed
5419,(unclaimed),unclaimed
5421,(unclaimed),unclaimed
5423,(unclaimed),unclaimed
5425,(unclaimed),unclaimed
5427,(unclaimed),unclaimed
5429,(unclaimed),unclaimed
5430,(unclaimed),unclaimed
5431,(unclaimed),unclaimed
5432,(unclaimed),unclaimed
5433,(unclaimed),unclaimed
5434,(unclaimed),unclaimed
5436,(unclaimed),unclaimed
5437,(unclaimed),unclaimed
5438,(unclaimed),unclaimed
5439,(unclaimed),unclaimed
5440,(unclaimed),unclaimed
5441,(unclaimed),unclaimed
5442,(unclaimed),unclaimed
5443,(unclaimed),unclaimed
5445,(unclaimed),unclaimed
5449,(unclaimed),unclaimed
5450,(unclaimed),unclaimed
5458,(unclaimed),unclaimed
5459,(unclaimed),unclaimed
5461,(unclaimed),unclaimed
5463,(unclaimed),unclaimed
5474,HubIdDebugTrait::ExecuteDebugCommandMsg,direct
5477,(unclaimed),unclaimed
5480,(unclaimed),unclaimed
5482,(unclaimed),unclaimed
5483,(unclaimed),unclaimed
5484,(unclaimed),unclaimed
5485,(unclaimed),unclaimed
5486,(unclaimed),unclaimed
5487,(unclaimed),unclaimed
5488,(unclaimed),unclaimed
5489,(unclaimed),unclaimed
5490,(unclaimed),unclaimed
5492,(unclaimed),unclaimed
5493,(unclaimed),unclaimed
5495,(unclaimed),unclaimed
5497,(unclaimed),unclaimed
5500,(unclaimed),unclaimed
5501,(unclaimed),unclaimed
5506,(unclaimed),unclaimed
5515,(unclaimed),unclaimed
5517,(unclaimed),unclaimed
5518,(unclaimed),unclaimed
5524,(unclaimed),unclaimed
5525,(unclaimed),unclaimed
5526,(unclaimed),unclaimed
5530,(unclaimed),unclaimed
5531,(unclaimed),unclaimed
5536,(unclaimed),unclaimed
5538,(unclaimed),unclaimed
5542,(unclaimed),unclaimed
5543,(unclaimed),unclaimed
5548,(unclaimed),unclaimed
5554,(unclaimed),unclaimed
5556,(unclaimed),unclaimed
5564,(unclaimed),unclaimed
5565,(unclaimed),unclaimed
5566,(unclaimed),unclaimed
5573,(unclaimed),unclaimed
5574,(unclaimed),unclaimed
5578,(unclaimed),unclaimed
5579,(unclaimed),unclaimed
5580,(unclaimed),unclaimed
5586,(unclaimed),unclaimed
5587,(unclaimed),unclaimed
5595,(unclaimed),unclaimed
5597,(unclaimed),unclaimed
5599,(unclaimed),unclaimed
5600,(unclaimed),unclaimed
5601,(unclaimed),unclaimed
5604,(unclaimed),unclaimed
5606,(unclaimed),unclaimed
5607,(unclaimed),unclaimed
5608,(unclaimed),unclaimed
5609,(unclaimed),unclaimed
5611,(unclaimed),unclaimed
5612,(unclaimed),unclaimed
5619,(unclaimed),unclaimed
5620,(unclaimed),unclaimed
5622,CrossWorldReconnectTrait,direct
5623,CrossWorldReconnectTrait::State,direct
5624,CrossWorldReconnectTrait::InitiateReconnectCrossWorldMsg,direct
5625,CrossWorldReconnectTrait::FinalizeReconnectCrossWorldMsg,direct
5626,(unclaimed),unclaimed
5627,(unclaimed),unclaimed
5629,(unclaimed),unclaimed
5630,(unclaimed),unclaimed
5631,(unclaimed),unclaimed
5632,(unclaimed),unclaimed
5633,(unclaimed),unclaimed
5634,(unclaimed),unclaimed
5638,(unclaimed),unclaimed
5641,(unclaimed),unclaimed
5644,(unclaimed),unclaimed
5645,(unclaimed),unclaimed
5646,(unclaimed),unclaimed
5647,(unclaimed),unclaimed
5648,(unclaimed),unclaimed
5667,(unclaimed),unclaimed
5668,(unclaimed),unclaimed
5669,(unclaimed),unclaimed
5671,(unclaimed),unclaimed
5672,(unclaimed),unclaimed
5673,(unclaimed),unclaimed
5674,(unclaimed),unclaimed
5675,(unclaimed),unclaimed
5683,(unclaimed),unclaimed
5684,(unclaimed),unclaimed
5686,(unclaimed),unclaimed
5687,(unclaimed),unclaimed
5688,(unclaimed),unclaimed
5691,(unclaimed),unclaimed
5692,(unclaimed),unclaimed
5693,(unclaimed),unclaimed
5694,(unclaimed),unclaimed
5700,(unclaimed),unclaimed
5701,(unclaimed),unclaimed
5702,(unclaimed),unclaimed
5703,(unclaimed),unclaimed
5704,(unclaimed),unclaimed
5705,(unclaimed),unclaimed
5707,(unclaimed),unclaimed
5708,(unclaimed),unclaimed
5711,(unclaimed),unclaimed
5712,(unclaimed),unclaimed
5714,(unclaimed),unclaimed
5715,(unclaimed),unclaimed
5721,(unclaimed),unclaimed
5722,(unclaimed),unclaimed
5724,(unclaimed),unclaimed
5727,(unclaimed),unclaimed
5729,(unclaimed),unclaimed
5730,(unclaimed),unclaimed
5731,(unclaimed),unclaimed
5733,(unclaimed),unclaimed
5734,(unclaimed),unclaimed
5736,(unclaimed),unclaimed
5737,(unclaimed),unclaimed
5739,(unclaimed),unclaimed
5741,(unclaimed),unclaimed
5743,(unclaimed),unclaimed
5745,(unclaimed),unclaimed
5747,(unclaimed),unclaimed
5750,(unclaimed),unclaimed
5751,(unclaimed),unclaimed
5752,(unclaimed),unclaimed
5753,(unclaimed),unclaimed
5755,(unclaimed),unclaimed
5756,(unclaimed),unclaimed
5758,(unclaimed),unclaimed
5761,(unclaimed),unclaimed
5762,(unclaimed),unclaimed
5763,(unclaimed),unclaimed
5764,(unclaimed),unclaimed
5766,(unclaimed),unclaimed
5768,(unclaimed),unclaimed
5771,(unclaimed),unclaimed
5773,(unclaimed),unclaimed
5774,(unclaimed),unclaimed
5787,(unclaimed),unclaimed
5789,(unclaimed),unclaimed
5790,(unclaimed),unclaimed
5791,(unclaimed),unclaimed
5792,(unclaimed),unclaimed
5793,(unclaimed),unclaimed
5796,(unclaimed),unclaimed
5797,(unclaimed),unclaimed
5798,(unclaimed),unclaimed
5800,(unclaimed),unclaimed
5804,(unclaimed),unclaimed
5805,(unclaimed),unclaimed
5806,(unclaimed),unclaimed
5807,(unclaimed),unclaimed
5812,(unclaimed),unclaimed
5816,(unclaimed),unclaimed
5818,(unclaimed),unclaimed
5822,(unclaimed),unclaimed
5827,(unclaimed),unclaimed
5828,(unclaimed),unclaimed
5836,(unclaimed),unclaimed
5839,(unclaimed),unclaimed
5840,(unclaimed),unclaimed
5841,(unclaimed),unclaimed
5842,(unclaimed),unclaimed
5844,(unclaimed),unclaimed
5845,(unclaimed),unclaimed
5846,(unclaimed),unclaimed
5847,(unclaimed),unclaimed
5848,(unclaimed),unclaimed
5849,(unclaimed),unclaimed
5851,(unclaimed),unclaimed
5852,(unclaimed),unclaimed
5853,(unclaimed),unclaimed
5854,(unclaimed),unclaimed
5855,(unclaimed),unclaimed
5856,(unclaimed),unclaimed
5857,(unclaimed),unclaimed
5858,(unclaimed),unclaimed
5859,(unclaimed),unclaimed
5860,(unclaimed),unclaimed
5862,(unclaimed),unclaimed
5863,(unclaimed),unclaimed
5864,(unclaimed),unclaimed
5865,(unparseable),hi
5866,CrossWorldReconnectNotifierTrait::State,direct
5867,CrossWorldReconnectNotifierTrait,direct
5869,(unclaimed),unclaimed
5870,(unclaimed),unclaimed
5873,(unclaimed),unclaimed
5874,(unclaimed),unclaimed
5877,(unclaimed),unclaimed
5878,(unclaimed),unclaimed
5879,(unclaimed),unclaimed
5891,(unclaimed),unclaimed
5896,(unclaimed),unclaimed
5897,(unclaimed),unclaimed
5900,(unclaimed),unclaimed
5901,(unclaimed),unclaimed
5903,(unclaimed),unclaimed
5909,(unclaimed),unclaimed
5915,(unclaimed),unclaimed
5918,(unclaimed),unclaimed
5927,(unclaimed),unclaimed
5928,(unclaimed),unclaimed
5929,(unclaimed),unclaimed
5931,(unclaimed),unclaimed
5932,(unclaimed),unclaimed
5933,Amazon::IPC::RetroactiveFinalSaveMessage,direct
5934,(unclaimed),unclaimed
5936,(unclaimed),unclaimed
5937,(unclaimed),unclaimed
5939,(unclaimed),unclaimed
5940,(unclaimed),unclaimed
5943,(unclaimed),unclaimed
5946,(unclaimed),unclaimed
5948,(unclaimed),unclaimed
5949,(unclaimed),unclaimed
5950,(unclaimed),unclaimed
5951,(unclaimed),unclaimed
5953,(unclaimed),unclaimed
5955,(unclaimed),unclaimed
5956,(unclaimed),unclaimed
5957,(unclaimed),unclaimed
5958,(unclaimed),unclaimed
5959,(unclaimed),unclaimed
5960,(unclaimed),unclaimed
5962,(unclaimed),unclaimed
5963,(unclaimed),unclaimed
5964,(unclaimed),unclaimed
5965,(unclaimed),unclaimed
5969,(unclaimed),unclaimed
5971,(unclaimed),unclaimed
5972,(unclaimed),unclaimed
5973,(unclaimed),unclaimed
5976,(unclaimed),unclaimed
5977,(unclaimed),unclaimed
5978,(unclaimed),unclaimed
5980,(unclaimed),unclaimed
5981,(unclaimed),unclaimed
5983,(unclaimed),unclaimed
5984,(unclaimed),unclaimed
5985,(unclaimed),unclaimed
5987,(unclaimed),unclaimed
5989,(unclaimed),unclaimed
5990,(unclaimed),unclaimed
5991,(unclaimed),unclaimed
5993,(unclaimed),unclaimed
5994,(unclaimed),unclaimed
5995,(unclaimed),unclaimed
5996,(unclaimed),unclaimed
5997,(unclaimed),unclaimed
5998,(unclaimed),unclaimed
5999,(unclaimed),unclaimed
6000,(unclaimed),unclaimed
6001,(unclaimed),unclaimed
6002,(unclaimed),unclaimed
6003,(unclaimed),unclaimed
6004,(unclaimed),unclaimed
6008,(unclaimed),unclaimed
6011,(unclaimed),unclaimed
6013,(unclaimed),unclaimed
6014,(unclaimed),unclaimed
6015,(unclaimed),unclaimed
6018,(unclaimed),unclaimed
6019,(unclaimed),unclaimed
6020,(unclaimed),unclaimed
6021,(unclaimed),unclaimed
6022,(unclaimed),unclaimed
6023,(unclaimed),unclaimed
6024,(unclaimed),unclaimed
6025,(unclaimed),unclaimed
6026,(unclaimed),unclaimed
6028,(unclaimed),unclaimed
6029,(unclaimed),unclaimed
6031,(unclaimed),unclaimed
6032,(unclaimed),unclaimed
6033,(unclaimed),unclaimed
6034,(unclaimed),unclaimed
6035,(unclaimed),unclaimed
6036,(unclaimed),unclaimed
6041,(unclaimed),unclaimed
6043,(unclaimed),unclaimed
6044,(unclaimed),unclaimed
6046,(unclaimed),unclaimed
6047,(unclaimed),unclaimed
6050,(unclaimed),unclaimed
6053,(unclaimed),unclaimed
6058,(unclaimed),unclaimed
6061,(unclaimed),unclaimed
6065,(unclaimed),unclaimed
6066,(unclaimed),unclaimed
6068,(unclaimed),unclaimed
6069,(unclaimed),unclaimed
6072,(unclaimed),unclaimed
6073,(unclaimed),unclaimed
6074,(unclaimed),unclaimed
6075,(unclaimed),unclaimed
6076,(unclaimed),unclaimed
6080,(unclaimed),unclaimed
6081,(unclaimed),unclaimed
6082,(unclaimed),unclaimed
6084,(unclaimed),unclaimed
6085,(unclaimed),unclaimed
6086,(unclaimed),unclaimed
6087,(unclaimed),unclaimed
6088,(unclaimed),unclaimed
6089,(unclaimed),unclaimed
6091,(unclaimed),unclaimed
6092,(unclaimed),unclaimed
6094,(unclaimed),unclaimed
6095,(unclaimed),unclaimed
6097,(unclaimed),unclaimed
6100,(unclaimed),unclaimed
6101,(unclaimed),unclaimed
6102,(unclaimed),unclaimed
6103,(unclaimed),unclaimed
6104,(unclaimed),unclaimed
6105,(unclaimed),unclaimed
6106,(unclaimed),unclaimed
6109,(unclaimed),unclaimed
6113,(unclaimed),unclaimed
6115,(unclaimed),unclaimed
6116,(unclaimed),unclaimed
6122,(unclaimed),unclaimed
6123,(unclaimed),unclaimed
6124,(unclaimed),unclaimed
6125,(unclaimed),unclaimed
6126,(unclaimed),unclaimed
6127,(unclaimed),unclaimed
6128,(unclaimed),unclaimed
6129,(unclaimed),unclaimed
6132,(unclaimed),unclaimed
6133,(unclaimed),unclaimed
6137,(unclaimed),unclaimed
6139,(unclaimed),unclaimed
6140,(unclaimed),unclaimed
6142,(unclaimed),unclaimed
6147,(unclaimed),unclaimed
6148,(unclaimed),unclaimed
6149,(unclaimed),unclaimed
6151,(unclaimed),unclaimed
6155,(unclaimed),unclaimed
6158,(unclaimed),unclaimed
6159,(unclaimed),unclaimed
6160,(unclaimed),unclaimed
6161,(unclaimed),unclaimed
6162,(unclaimed),unclaimed
6164,(unclaimed),unclaimed
6166,(unclaimed),unclaimed
6167,(unclaimed),unclaimed
6168,(unclaimed),unclaimed
6175,(unclaimed),unclaimed
6176,(unclaimed),unclaimed
6177,(unclaimed),unclaimed
6178,(unclaimed),unclaimed
6179,(unclaimed),unclaimed
6188,(unclaimed),unclaimed
6189,(unclaimed),unclaimed
6190,(unclaimed),unclaimed
6193,(unclaimed),unclaimed
6194,(unclaimed),unclaimed
6196,(unclaimed),unclaimed
6197,(unclaimed),unclaimed
6198,(unclaimed),unclaimed
6199,(unclaimed),unclaimed
6200,(unclaimed),unclaimed
6201,(unclaimed),unclaimed
6202,(unclaimed),unclaimed
6203,(unclaimed),unclaimed
6204,(unclaimed),unclaimed
6205,(unclaimed),unclaimed
6206,(unclaimed),unclaimed
6207,(unclaimed),unclaimed
6208,(unclaimed),unclaimed
6209,(unclaimed),unclaimed
6211,(unclaimed),unclaimed
6213,Amazon::Hub::DebugStartActorQuerySeqMsg,direct
6226,(unclaimed),unclaimed
6228,(unclaimed),unclaimed
6229,(unclaimed),unclaimed
6231,(unclaimed),unclaimed
6232,(unclaimed),unclaimed
6234,(unclaimed),unclaimed
6236,(unclaimed),unclaimed
6237,(unclaimed),unclaimed
6241,(unclaimed),unclaimed
6246,(unclaimed),unclaimed
6247,(unclaimed),unclaimed
6248,(unclaimed),unclaimed
6251,(unclaimed),unclaimed
6254,(unclaimed),unclaimed
6255,(unclaimed),unclaimed
6256,(unclaimed),unclaimed
6258,(unclaimed),unclaimed
6260,(unclaimed),unclaimed
6261,(unclaimed),unclaimed
6263,(unclaimed),unclaimed
6264,(unclaimed),unclaimed
6265,(unclaimed),unclaimed
6267,(unclaimed),unclaimed
6268,(unclaimed),unclaimed
6269,(unclaimed),unclaimed
6270,(unclaimed),unclaimed
6271,(unclaimed),unclaimed
6272,(unclaimed),unclaimed
6273,Amazon::Hub::RegistryDebugCommands::DebugInvalidWriteMessage,direct
6274,(unclaimed),unclaimed
6275,(unclaimed),unclaimed
6276,(unclaimed),unclaimed
6277,(unclaimed),unclaimed
6279,RoutingTrait::ResetRecordMsg,direct
6282,(unclaimed),unclaimed
6283,(unclaimed),unclaimed
6286,(unclaimed),unclaimed
6288,(unclaimed),unclaimed
6290,(unclaimed),unclaimed
6291,(unclaimed),unclaimed
6295,(unclaimed),unclaimed
6296,(unclaimed),unclaimed
6297,(unclaimed),unclaimed
6303,(unclaimed),unclaimed
6304,(unclaimed),unclaimed
6305,(unclaimed),unclaimed
6308,(unclaimed),unclaimed
6309,(unclaimed),unclaimed
6310,(unclaimed),unclaimed
6311,(unclaimed),unclaimed
6317,(unclaimed),unclaimed
6318,(unclaimed),unclaimed
6319,(unclaimed),unclaimed
6320,(unclaimed),unclaimed
6322,(unclaimed),unclaimed
6324,(unclaimed),unclaimed
6328,(unclaimed),unclaimed
6329,(unclaimed),unclaimed
6330,(unclaimed),unclaimed
6331,(unclaimed),unclaimed
6332,(unclaimed),unclaimed
6334,(unclaimed),unclaimed
6335,(unclaimed),unclaimed
6336,(unclaimed),unclaimed
6341,(unclaimed),unclaimed
6345,(unclaimed),unclaimed
6353,(unclaimed),unclaimed
6354,Amazon::Hub::UnregisterStateAccessProxyMessage,direct
6356,(unclaimed),unclaimed
6357,(unclaimed),unclaimed
6358,(unclaimed),unclaimed
6360,(unclaimed),unclaimed
6361,(unclaimed),unclaimed
6362,(unclaimed),unclaimed
6368,(unclaimed),unclaimed
6369,(unclaimed),unclaimed
6370,(unclaimed),unclaimed
6371,(unclaimed),unclaimed
6372,(unclaimed),unclaimed
6373,(unclaimed),unclaimed
6374,(unclaimed),unclaimed
6378,(unclaimed),unclaimed
6380,(unclaimed),unclaimed
6382,(unclaimed),unclaimed
6383,(unclaimed),unclaimed
6384,(unclaimed),unclaimed
6386,(unclaimed),unclaimed
6388,(unclaimed),unclaimed
6390,(unclaimed),unclaimed
6391,(unclaimed),unclaimed
6392,(unclaimed),unclaimed
6393,Amazon::Hub::SetUpstreamDependencyMessage,direct
6394,Amazon::Hub::SetInitListenerMessage,direct
6397,(unclaimed),unclaimed
6398,(unclaimed),unclaimed
6399,(unclaimed),unclaimed
6404,(unclaimed),unclaimed
6407,(unclaimed),unclaimed
6408,(unclaimed),unclaimed
6409,(unclaimed),unclaimed
6410,(unclaimed),unclaimed
6411,(unclaimed),unclaimed
6412,(unclaimed),unclaimed
6414,(unclaimed),unclaimed
6416,(unclaimed),unclaimed
6420,(unclaimed),unclaimed
6422,(unclaimed),unclaimed
6423,(unclaimed),unclaimed
6426,(unclaimed),unclaimed
6430,(unclaimed),unclaimed
6432,(unclaimed),unclaimed
6433,(unclaimed),unclaimed
6434,(unclaimed),unclaimed
6436,(unclaimed),unclaimed
6437,(unparseable),hi
6438,(unparseable),hi
6439,Amazon::Hub::HubLifecyclePeeringTrait::UpdatePeerStateMsg,direct
6444,(unclaimed),unclaimed
6447,(unclaimed),unclaimed
6449,(unclaimed),unclaimed
6453,(unclaimed),unclaimed
6454,(unclaimed),unclaimed
6460,(unclaimed),unclaimed
6461,(unclaimed),unclaimed
6462,(unclaimed),unclaimed
6463,(unclaimed),unclaimed
6464,(unclaimed),unclaimed
6465,(unclaimed),unclaimed
6467,EOSAntiCheatClientTrait,direct
6468,(unclaimed),unclaimed
6470,(unclaimed),unclaimed
6471,(unclaimed),unclaimed
6472,(unclaimed),unclaimed
6473,(unclaimed),unclaimed
6474,(unclaimed),unclaimed
6475,(unclaimed),unclaimed
6479,EOSAntiCheatClientTrait::State,direct
6481,EOSAntiCheatTrait,direct
6482,EOSAntiCheatTrait::State,direct
6483,EOSAntiCheatTrait::UpdateMsg,direct
6484,EOSAntiCheatClientTrait::UpdateMsg,direct
6485,(unclaimed),unclaimed
6486,(unclaimed),unclaimed
6490,(unclaimed),unclaimed
6491,(unclaimed),unclaimed
6492,(unclaimed),unclaimed
6493,(unclaimed),unclaimed
6494,(unclaimed),unclaimed
6495,(unclaimed),unclaimed
6497,(unclaimed),unclaimed
6498,(unclaimed),unclaimed
6501,(unclaimed),unclaimed
6502,(unclaimed),unclaimed
6506,(unclaimed),unclaimed
6511,(unclaimed),unclaimed
6512,(unclaimed),unclaimed
6513,(unclaimed),unclaimed
6516,(unclaimed),unclaimed
6519,(unclaimed),unclaimed
6525,(unclaimed),unclaimed
6526,(unclaimed),unclaimed
6527,(unclaimed),unclaimed
6533,(unclaimed),unclaimed
6539,(unclaimed),unclaimed
6540,(unclaimed),unclaimed
6541,(unclaimed),unclaimed
6542,(unclaimed),unclaimed
6544,(unclaimed),unclaimed
6545,(unclaimed),unclaimed
6548,(unclaimed),unclaimed
6549,(unclaimed),unclaimed
6550,(unclaimed),unclaimed
6553,(unclaimed),unclaimed
6555,(unclaimed),unclaimed
6556,(unclaimed),unclaimed
6557,(unclaimed),unclaimed
6558,(unclaimed),unclaimed
6564,(unclaimed),unclaimed
6565,(unclaimed),unclaimed
6599,(unclaimed),unclaimed
6601,(unclaimed),unclaimed
6602,(unclaimed),unclaimed
6603,(unclaimed),unclaimed
6604,(unclaimed),unclaimed
6605,(unclaimed),unclaimed
6606,(unclaimed),unclaimed
6623,(unclaimed),unclaimed
6624,(unclaimed),unclaimed
6626,(unclaimed),unclaimed
6627,(unclaimed),unclaimed
6628,(unclaimed),unclaimed
6629,(unclaimed),unclaimed
6634,(unclaimed),unclaimed
6635,(unclaimed),unclaimed
6636,(unclaimed),unclaimed
6638,(unclaimed),unclaimed
6640,(unclaimed),unclaimed
6641,(unclaimed),unclaimed
6642,(unclaimed),unclaimed
6643,(unclaimed),unclaimed
6644,(unclaimed),unclaimed
6645,(unclaimed),unclaimed
6646,(unclaimed),unclaimed
6648,(unclaimed),unclaimed
6650,(unclaimed),unclaimed
6655,(unclaimed),unclaimed
6657,(unclaimed),unclaimed
6658,(unclaimed),unclaimed
6659,(unclaimed),unclaimed
6660,(unclaimed),unclaimed
6661,(unclaimed),unclaimed
6662,(unclaimed),unclaimed
6663,(unclaimed),unclaimed
6666,(unclaimed),unclaimed
6667,(unclaimed),unclaimed
6668,(unclaimed),unclaimed
6669,(unclaimed),unclaimed
6671,(unclaimed),unclaimed
6675,(unclaimed),unclaimed
6676,(unclaimed),unclaimed
6680,(unclaimed),unclaimed
6681,(unclaimed),unclaimed
6682,(unclaimed),unclaimed
6688,(unclaimed),unclaimed
6689,(unclaimed),unclaimed
6690,(unclaimed),unclaimed
6691,(unclaimed),unclaimed
6692,(unclaimed),unclaimed
6693,(unclaimed),unclaimed
6695,(unclaimed),unclaimed
6696,(unclaimed),unclaimed
6697,(unclaimed),unclaimed
6699,(unclaimed),unclaimed
6701,(unclaimed),unclaimed
6703,(unclaimed),unclaimed
6705,(unclaimed),unclaimed
6706,(unclaimed),unclaimed
6707,(unclaimed),unclaimed
6708,(unclaimed),unclaimed
6709,(unclaimed),unclaimed
6723,(unclaimed),unclaimed
6731,(unclaimed),unclaimed
6733,(unclaimed),unclaimed
6734,(unclaimed),unclaimed
6735,(unclaimed),unclaimed
6736,(unclaimed),unclaimed
6737,(unclaimed),unclaimed
6738,(unclaimed),unclaimed
6739,(unclaimed),unclaimed
6741,(unclaimed),unclaimed
6745,(unclaimed),unclaimed
6748,(unclaimed),unclaimed
6750,(unclaimed),unclaimed
6751,(unclaimed),unclaimed
6753,(unclaimed),unclaimed
6755,(unclaimed),unclaimed
6756,(unclaimed),unclaimed
6757,(unclaimed),unclaimed
6758,(unclaimed),unclaimed
6759,(unclaimed),unclaimed
6760,(unclaimed),unclaimed
6765,(unclaimed),unclaimed
6766,(unclaimed),unclaimed
6767,(unclaimed),unclaimed
6776,(unclaimed),unclaimed
6778,(unclaimed),unclaimed
6779,(unclaimed),unclaimed
6782,(unclaimed),unclaimed
6786,(unclaimed),unclaimed
6787,(unclaimed),unclaimed
6788,(unclaimed),unclaimed
6789,(unclaimed),unclaimed
6790,(unclaimed),unclaimed
6791,(unclaimed),unclaimed
6792,(unclaimed),unclaimed
6793,(unclaimed),unclaimed
6796,(unclaimed),unclaimed
6800,(unclaimed),unclaimed
6802,(unclaimed),unclaimed
6803,(unclaimed),unclaimed
6804,(unclaimed),unclaimed
6805,(unclaimed),unclaimed
6811,(unclaimed),unclaimed
6813,(unclaimed),unclaimed
6814,(unclaimed),unclaimed
6815,(unclaimed),unclaimed
6816,(unclaimed),unclaimed
6817,(unclaimed),unclaimed
6820,(unclaimed),unclaimed
6821,(unclaimed),unclaimed
6823,(unclaimed),unclaimed
6824,(unclaimed),unclaimed
6825,(unclaimed),unclaimed
6830,(unclaimed),unclaimed
6835,(unclaimed),unclaimed
6845,(unclaimed),unclaimed
6847,(unclaimed),unclaimed
6851,(unclaimed),unclaimed
6853,(unclaimed),unclaimed
6855,(unclaimed),unclaimed
6860,(unclaimed),unclaimed
6861,(unclaimed),unclaimed
6862,(unclaimed),unclaimed
6864,(unclaimed),unclaimed
6865,(unclaimed),unclaimed
6872,(unclaimed),unclaimed
6873,(unclaimed),unclaimed
6874,(unclaimed),unclaimed
6876,(unclaimed),unclaimed
6881,(unclaimed),unclaimed
6883,(unclaimed),unclaimed
6884,(unclaimed),unclaimed
6885,EOSAntiCheatTrait::ClientAliveMsg,direct
6889,(unclaimed),unclaimed
6891,(unclaimed),unclaimed
6892,(unclaimed),unclaimed
6893,(unclaimed),unclaimed
6894,(unclaimed),unclaimed
6895,(unclaimed),unclaimed
6896,(unclaimed),unclaimed
6897,(unclaimed),unclaimed
6905,(unclaimed),unclaimed
6906,(unclaimed),unclaimed
6907,(unclaimed),unclaimed
6908,(unclaimed),unclaimed
6911,(unclaimed),unclaimed
6912,(unclaimed),unclaimed
6913,(unclaimed),unclaimed
6914,(unclaimed),unclaimed
6915,(unclaimed),unclaimed
6916,(unclaimed),unclaimed
6917,(unclaimed),unclaimed
6918,(unclaimed),unclaimed
6925,(unclaimed),unclaimed
6928,(unclaimed),unclaimed
6941,(unclaimed),unclaimed
6949,(unclaimed),unclaimed
6951,(unclaimed),unclaimed
6952,(unclaimed),unclaimed
6953,(unclaimed),unclaimed
6955,(unclaimed),unclaimed
6958,(unclaimed),unclaimed
6959,(unclaimed),unclaimed
6961,(unclaimed),unclaimed
6966,(unclaimed),unclaimed
6969,(unclaimed),unclaimed
6970,(unclaimed),unclaimed
6978,(unclaimed),unclaimed
6981,(unclaimed),unclaimed
6983,(unclaimed),unclaimed
6992,(unclaimed),unclaimed
7000,(unclaimed),unclaimed
7001,(unclaimed),unclaimed
7005,(unclaimed),unclaimed
7009,(unclaimed),unclaimed
7010,(unclaimed),unclaimed
7011,(unclaimed),unclaimed
7022,(unclaimed),unclaimed
7030,(unclaimed),unclaimed
7031,(unclaimed),unclaimed
7036,(unclaimed),unclaimed
7038,(unclaimed),unclaimed
7039,(unclaimed),unclaimed
7040,(unclaimed),unclaimed
7041,(unclaimed),unclaimed
7042,(unclaimed),unclaimed
7043,(unclaimed),unclaimed
7044,(unclaimed),unclaimed
7045,(unclaimed),unclaimed
7046,(unclaimed),unclaimed
7047,(unclaimed),unclaimed
7048,(unclaimed),unclaimed
7049,(unclaimed),unclaimed
7050,(unclaimed),unclaimed
7051,(unclaimed),unclaimed
